Ticker,Date/Time,Open,High,Low,Close,Volume
CTD,10/23/2018 0:00,104.32,104.32,100.59,101.35,139680
CTD,10/24/2018 0:00,100.32,102.04,99.97,99.97,54090
CTD,10/25/2018 0:00,96.52,99.9,96.52,99.28,42890
CTD,10/26/2018 0:00,100.66,101.35,96.52,97.9,93570
CTD,10/29/2018 0:00,97.28,97.9,95.9,95.9,73120
CTD,10/30/2018 0:00,95.84,98.45,95.49,96.52,82480
CTD,10/31/2018 0:00,98.94,100.39,97.9,100.39,99370
CTD,11/1/2018 0:00,100.39,101.49,100.32,101.35,65150
CTD,11/2/2018 0:00,100.73,105.07,100.73,104.45,92460
CTD,11/5/2018 0:00,104.45,104.66,103.42,104.25,55960
CTD,11/6/2018 0:00,104.25,105.14,103.49,104.8,59490
CTD,11/7/2018 0:00,104.45,105,103.56,104.8,76160
CTD,11/8/2018 0:00,104.94,104.94,104.11,104.8,32920
CTD,11/9/2018 0:00,103.49,104.73,103.21,103.35,40270
CTD,11/12/2018 0:00,102.04,102.04,100.66,101.83,20690
CTD,11/13/2018 0:00,98.25,101.28,98.25,99.97,59500
CTD,11/14/2018 0:00,99.97,102.18,99.97,100.66,47960
CTD,11/15/2018 0:00,100.66,101.97,100.32,100.32,82760
CTD,11/16/2018 0:00,101.35,101.97,100.25,101.97,67630
CTD,11/19/2018 0:00,102.73,104.11,102.04,103.42,65950
CTD,11/20/2018 0:00,103.42,104.11,103.07,104.11,150980
CTD,11/21/2018 0:00,104.04,105.83,103.42,105.83,254590
CTD,11/22/2018 0:00,106.73,106.73,105.35,105.83,18320
CTD,11/23/2018 0:00,105.56,105.56,104.45,104.59,22320
CTD,11/26/2018 0:00,101.35,104.59,101.35,103.76,55340
CTD,11/27/2018 0:00,106.18,107.62,106.18,106.87,190240
CTD,11/28/2018 0:00,106.87,108.93,106.87,108.45,80420
CTD,11/29/2018 0:00,109.21,109.21,107.56,108.25,53610
CTD,11/30/2018 0:00,108.25,108.25,106.25,107.21,20730
CTD,12/3/2018 0:00,107.21,109.62,106.66,109.62,125680
CTD,12/4/2018 0:00,109.62,109.97,108.18,108.25,70780
CTD,12/5/2018 0:00,107.21,108.25,107.21,108.25,88330
CTD,12/6/2018 0:00,107.21,108.25,107.21,108.25,42350
CTD,12/7/2018 0:00,108.25,109.56,107.56,109.28,120190
CTD,12/10/2018 0:00,108.59,108.93,106.87,106.87,130120
CTD,12/11/2018 0:00,106.87,108.18,106.87,107.97,56680
CTD,12/12/2018 0:00,107.56,109.28,107.56,108.11,143600
CTD,12/13/2018 0:00,108.11,110.31,108.11,109.9,416100
CTD,12/14/2018 0:00,110.31,111.69,109.97,111.35,711220
CTD,12/17/2018 0:00,110.31,111.35,110.18,110.38,240920
CTD,12/18/2018 0:00,109,110.87,109,110.66,469010
CTD,12/19/2018 0:00,110.31,111,108.25,108.59,242460
CTD,12/20/2018 0:00,107.9,109.62,107.9,108.93,281280
CTD,12/21/2018 0:00,108.38,109.56,108.38,109.28,575190
CTD,12/24/2018 0:00,109.28,110.04,109.28,109.76,658160
CTD,12/25/2018 0:00,108.93,109.49,107.56,108.66,421850
CTD,12/26/2018 0:00,108.66,108.93,107.9,108.93,599010
CTD,12/27/2018 0:00,109.62,110.73,108.93,110.45,528550
CTD,12/28/2018 0:00,110.45,111,109.35,110.31,398730
CTD,1/2/2019 0:00,110.04,110.31,108.93,110.31,141770
CTD,1/3/2019 0:00,110.31,110.31,108.93,109.97,235330
CTD,1/4/2019 0:00,109.97,109.97,107.56,109.97,84680
CTD,1/7/2019 0:00,110.31,110.31,109.21,110.31,138860
CTD,1/8/2019 0:00,110.45,110.45,109.07,110.24,28020
CTD,1/9/2019 0:00,110.18,111.69,108.93,110.31,180320
CTD,1/10/2019 0:00,110.31,111.69,108.93,110.31,121380
CTD,1/11/2019 0:00,110.31,111.21,109.28,109.28,44820
CTD,1/14/2019 0:00,109.28,109.97,107.56,107.56,37180
CTD,1/15/2019 0:00,107.56,107.76,106.52,106.52,69370
CTD,1/16/2019 0:00,106.31,107.35,102.87,102.87,96130
CTD,1/17/2019 0:00,102.87,103.69,102.18,102.18,47900
CTD,1/18/2019 0:00,102.18,103.56,101.35,101.97,37110
CTD,1/21/2019 0:00,101.97,103.28,101.97,103.01,35980
CTD,1/22/2019 0:00,103.14,103.14,98.59,98.59,143900
CTD,1/23/2019 0:00,97.9,97.9,94.53,94.53,157950
CTD,1/24/2019 0:00,94.53,95.84,90.25,90.66,213090
CTD,1/25/2019 0:00,90.66,92.39,89.97,90.66,290530
CTD,1/28/2019 0:00,91.7,94.46,91.7,94.39,69770
CTD,1/29/2019 0:00,95.08,95.08,93.08,93.97,32410
CTD,1/30/2019 0:00,93.77,93.77,91.7,92.73,63770
CTD,1/31/2019 0:00,92.73,93.42,91.7,92.94,34920
CTD,2/1/2019 0:00,92.94,93.08,91.28,91.28,90810
CTD,2/11/2019 0:00,91.28,93.28,91.28,93.28,40590
CTD,2/12/2019 0:00,93.28,94.18,92.39,92.8,82210
CTD,2/13/2019 0:00,92.8,93.56,92.04,92.32,153870
CTD,2/14/2019 0:00,93.08,94.94,92.94,94.66,207410
CTD,2/15/2019 0:00,95.15,96.59,94.94,96.18,101750
CTD,2/18/2019 0:00,96.18,97.01,96.18,96.25,55960
CTD,2/19/2019 0:00,96.18,96.39,94.32,94.32,141990
CTD,2/20/2019 0:00,93.84,95.15,93.84,94.53,59520
CTD,2/21/2019 0:00,94.53,94.53,93.77,94.46,82600
CTD,2/22/2019 0:00,93.63,94.46,92.53,92.53,111040
CTD,2/25/2019 0:00,92.53,94.46,92.53,93.77,71570
CTD,2/26/2019 0:00,94.39,95.15,93.08,93.49,81830
CTD,2/27/2019 0:00,93.77,94.39,93.49,94.11,49860
CTD,2/28/2019 0:00,94.8,94.8,92.25,92.25,124220
CTD,3/1/2019 0:00,92.39,93.08,92.39,92.53,51090
CTD,3/4/2019 0:00,92.53,94.39,92.53,92.53,154640
CTD,3/5/2019 0:00,92.53,93.77,92.04,92.04,187880
CTD,3/6/2019 0:00,92.04,93.08,90.94,91.7,185040
CTD,3/7/2019 0:00,91.7,93.77,90.94,93.42,237200
CTD,3/8/2019 0:00,93.42,99.9,92.04,97.28,427970
CTD,3/11/2019 0:00,97.9,97.9,95.15,97.21,152130
CTD,3/12/2019 0:00,97.21,98.52,96.66,97.83,298250
CTD,3/13/2019 0:00,97.9,98.18,97.56,97.9,158550
CTD,3/14/2019 0:00,97.9,99.83,97.9,99.42,176420
CTD,3/15/2019 0:00,99.49,99.49,97.9,97.9,139980
CTD,3/18/2019 0:00,97.9,98.39,97.35,97.7,95970
CTD,3/19/2019 0:00,97.9,98.94,97.56,98.11,203850
CTD,3/20/2019 0:00,98.25,98.59,96.52,97.83,85310
CTD,3/21/2019 0:00,97.77,98.45,97.21,97.9,194380
CTD,3/22/2019 0:00,97.9,98.52,96.52,98.52,114810
CTD,3/25/2019 0:00,97.21,97.42,95.15,95.15,88450
CTD,3/26/2019 0:00,94.46,96.8,94.46,96.8,79900
CTD,3/27/2019 0:00,96.87,97.9,96.8,97.9,42890
CTD,3/28/2019 0:00,97.21,100.66,97.21,100.66,212520
CTD,3/29/2019 0:00,100.66,100.8,98.59,98.87,89830
CTD,4/1/2019 0:00,97.21,98.04,97.21,97.83,65930
CTD,4/2/2019 0:00,97.9,98.59,97.15,98.25,110590
CTD,4/3/2019 0:00,98.25,98.25,96.59,98.18,57200
CTD,4/4/2019 0:00,97.21,98.39,97.15,97.15,52470
CTD,4/5/2019 0:00,96.8,98.18,96.8,97.01,132940
CTD,4/8/2019 0:00,97.83,97.9,96.87,97.01,42980
CTD,4/9/2019 0:00,96.52,96.59,90.25,90.25,651760
CTD,4/10/2019 0:00,83.98,88.25,83.98,83.98,698410
CTD,4/11/2019 0:00,83.84,87.56,82.53,83.91,990750
CTD,4/12/2019 0:00,84.11,87.15,84.11,86.94,270900
CTD,4/16/2019 0:00,86.18,86.18,84.25,85.49,182590
CTD,4/17/2019 0:00,84.94,85.42,83.42,83.84,240130
CTD,4/18/2019 0:00,83.42,83.84,82.74,83.15,264910
CTD,4/19/2019 0:00,83.01,84.11,82.94,83.77,222600
CTD,4/22/2019 0:00,82.87,83.15,81.84,82.39,377800
CTD,4/23/2019 0:00,82.39,83.08,82.25,82.8,180470
CTD,4/24/2019 0:00,82.8,83.42,82.39,83.42,110990
CTD,4/25/2019 0:00,83.42,83.77,83.08,83.36,97870
CTD,4/26/2019 0:00,83.42,83.49,82.39,83.29,82680
CTD,5/2/2019 0:00,83.29,83.29,82.74,83.08,53090
CTD,5/3/2019 0:00,82.74,83.77,82.6,83.77,83910
CTD,5/6/2019 0:00,83.08,83.08,82.05,82.39,82050
CTD,5/7/2019 0:00,82.39,82.8,82.18,82.18,46880
CTD,5/8/2019 0:00,82.05,82.05,81.36,81.49,92530
CTD,5/9/2019 0:00,81.49,81.49,80.67,80.67,48370
CTD,5/10/2019 0:00,80.67,82.18,80.67,80.8,139060
CTD,5/13/2019 0:00,80.8,82.05,80.39,80.39,57910
CTD,5/14/2019 0:00,80.25,80.67,78.6,78.94,107530
CTD,5/15/2019 0:00,78.94,81.08,78.94,80.67,129120
CTD,5/16/2019 0:00,80.67,82.05,80.6,82.05,91750
CTD,5/17/2019 0:00,82.39,82.39,80.74,81.36,55810
CTD,5/20/2019 0:00,81.36,81.36,79.98,81.01,41630
CTD,5/21/2019 0:00,80.12,80.87,79.36,79.77,119230
CTD,5/22/2019 0:00,79.36,79.98,79.36,79.49,37950
CTD,5/23/2019 0:00,79.43,79.91,79.29,79.43,42500
CTD,5/24/2019 0:00,79.43,79.84,79.15,79.43,63710
CTD,5/27/2019 0:00,79.43,79.43,78.6,78.6,92060
CTD,5/28/2019 0:00,78.6,79.15,77.91,77.91,41950
CTD,5/29/2019 0:00,77.91,77.91,76.53,76.6,72640
CTD,5/30/2019 0:00,76.6,78.25,76.19,77.22,37380
CTD,5/31/2019 0:00,77.22,77.77,76.53,76.53,27200
CTD,6/3/2019 0:00,76.53,76.74,73.08,76.46,86360
CTD,6/4/2019 0:00,76.53,76.6,73.29,73.29,44580
CTD,6/5/2019 0:00,75.15,75.15,73.77,73.77,25090
CTD,6/6/2019 0:00,74.46,74.46,72.39,73.77,41540
CTD,6/7/2019 0:00,72.74,73.77,72.67,72.81,50660
CTD,6/10/2019 0:00,73.08,73.77,72.74,73.15,37210
CTD,6/11/2019 0:00,73.43,73.43,73.08,73.15,27850
CTD,6/12/2019 0:00,73.08,73.63,73.01,73.01,28630
CTD,6/13/2019 0:00,73.01,73.29,71.91,71.91,34220
CTD,6/14/2019 0:00,70.67,71.91,70.32,70.53,46850
CTD,6/17/2019 0:00,70.32,70.32,67.64,68.33,123460
CTD,6/18/2019 0:00,68.33,68.81,66.6,66.74,88410
CTD,6/19/2019 0:00,66.88,67.71,66.88,67.22,43540
CTD,6/20/2019 0:00,67.29,67.91,66.88,66.88,91960
CTD,6/21/2019 0:00,66.88,67.36,66.67,67.22,39220
CTD,6/24/2019 0:00,67.57,67.57,66.88,67.57,74580
CTD,6/25/2019 0:00,67.57,71.57,67.29,70.32,178200
CTD,6/26/2019 0:00,70.32,71.01,69.64,70.6,110460
CTD,6/27/2019 0:00,70.6,71.01,70.32,70.39,115140
CTD,6/28/2019 0:00,70.46,73.77,69.64,73.77,126550
CTD,7/1/2019 0:00,73.77,73.77,71.7,72.19,63670
CTD,7/2/2019 0:00,72.19,72.19,71.36,72.12,94730
CTD,7/3/2019 0:00,72.12,73.7,71.08,73.63,155350
CTD,7/4/2019 0:00,73.63,74.46,73.63,73.77,49210
CTD,7/5/2019 0:00,73.77,73.77,72.46,72.53,33360
CTD,7/8/2019 0:00,71.15,73.01,71.01,71.91,70700
CTD,7/9/2019 0:00,71.91,72.6,71.5,71.98,127390
CTD,7/10/2019 0:00,71.98,73.77,71.98,73.77,211110
CTD,7/11/2019 0:00,73.77,75.15,73.77,74.81,200600
CTD,7/12/2019 0:00,75.77,76.53,75.01,76.39,221280
CTD,7/15/2019 0:00,76.67,76.67,75.01,76.12,145770
CTD,7/16/2019 0:00,76.12,76.87,75.08,76.12,156830
CTD,7/17/2019 0:00,76.12,77.7,75.56,77.56,218700
CTD,7/18/2019 0:00,72.19,76.87,72.19,76.53,547610
CTD,7/19/2019 0:00,76.87,77.5,76.32,76.6,227760
CTD,7/22/2019 0:00,76.6,77.22,74.32,77.22,102610
CTD,7/23/2019 0:00,77.22,77.36,75.84,77.36,160780
CTD,7/24/2019 0:00,76.19,77.56,75.84,77.56,136650
CTD,7/25/2019 0:00,76.53,77.91,76.32,77.91,249630
CTD,7/26/2019 0:00,77.91,77.91,76.53,77.7,128980
CTD,7/29/2019 0:00,77.7,79.29,75.98,79.29,239330
CTD,7/30/2019 0:00,76.87,79.15,76.87,78.6,130000
CTD,7/31/2019 0:00,77.22,77.91,76.94,77.91,68120
CTD,8/1/2019 0:00,77.56,77.56,76.53,77.22,69550
CTD,8/2/2019 0:00,76.53,77.91,76.12,77.91,133760
CTD,8/5/2019 0:00,77.22,79.29,77.22,79.29,254120
CTD,8/6/2019 0:00,77.7,77.91,76.53,77.91,135420
CTD,8/7/2019 0:00,77.91,77.91,75.91,75.91,33180
CTD,8/8/2019 0:00,76.19,77.22,72.39,73.77,35170
CTD,8/9/2019 0:00,73.77,74.46,72.53,72.6,40710
CTD,8/12/2019 0:00,73.77,73.77,70.32,70.32,45220
CTD,8/13/2019 0:00,69.98,69.98,67.64,68.39,59290
CTD,8/14/2019 0:00,70.67,70.67,68.26,70.32,40500
CTD,8/15/2019 0:00,68.95,70.32,68.95,70.26,33300
CTD,8/16/2019 0:00,70.32,70.95,69.22,70.32,33120
CTD,8/19/2019 0:00,70.6,71.01,70.12,71.01,27580
CTD,8/20/2019 0:00,70.74,71.01,70.12,70.12,48640
CTD,8/21/2019 0:00,70.12,70.95,69.64,70.26,32950
CTD,8/22/2019 0:00,70.12,70.12,68.95,68.95,41480
CTD,8/23/2019 0:00,68.95,68.95,68.46,68.88,33310
CTD,8/26/2019 0:00,68.88,68.88,66.88,66.88,57580
CTD,8/27/2019 0:00,66.95,67.57,66.88,66.88,30890
CTD,8/28/2019 0:00,67.22,67.22,66.74,67.08,18070
CTD,8/29/2019 0:00,66.88,66.95,66.46,66.46,18370
CTD,8/30/2019 0:00,66.88,66.88,65.15,65.29,31350
CTD,9/3/2019 0:00,65.29,66.19,64.67,64.67,22350
CTD,9/4/2019 0:00,64.12,64.12,62.12,63.29,55910
CTD,9/5/2019 0:00,63.43,64.81,63.43,63.78,41650
CTD,9/6/2019 0:00,64.12,67.91,64.12,66.88,66850
CTD,9/9/2019 0:00,66.88,68.95,66.88,66.95,36720
CTD,9/10/2019 0:00,66.95,68.53,66.19,66.19,40250
CTD,9/11/2019 0:00,66.4,66.4,64.46,65.15,21870
CTD,9/12/2019 0:00,64.88,66.19,64.88,65.22,22740
CTD,9/13/2019 0:00,64.88,66.19,64.81,65.84,29140
CTD,9/16/2019 0:00,66.53,66.53,65.84,66.19,15200
CTD,9/17/2019 0:00,66.19,67.02,66.19,66.88,24140
CTD,9/18/2019 0:00,67.57,67.84,66.53,66.95,34930
CTD,9/19/2019 0:00,66.95,67.57,66.88,66.88,35190
CTD,9/20/2019 0:00,67.57,68.12,67.08,67.64,35520
CTD,9/23/2019 0:00,67.64,68.6,67.22,68.26,22490
CTD,9/24/2019 0:00,68.46,68.88,66.67,66.67,49180
CTD,9/25/2019 0:00,68.26,68.26,67.22,68.26,40580
CTD,9/26/2019 0:00,68.97,69.68,68.26,68.47,51010
CTD,9/27/2019 0:00,69.25,69.25,64.7,67.83,40730
CTD,9/30/2019 0:00,65.84,68.26,65.84,67.55,30400
CTD,10/1/2019 0:00,67.55,67.55,65.77,66.83,48600
CTD,10/2/2019 0:00,66.55,66.83,66.12,66.12,27640
CTD,10/3/2019 0:00,66.12,66.12,65.41,65.84,34830
CTD,10/4/2019 0:00,66.98,66.98,64.84,64.84,40930
CTD,10/7/2019 0:00,65.98,66.98,64.84,64.84,25110
CTD,10/8/2019 0:00,64.84,65.7,64.42,64.42,28080
CTD,10/9/2019 0:00,64.49,64.7,63.99,63.99,50550
CTD,10/10/2019 0:00,63.99,64.27,63.85,63.85,34060
CTD,10/11/2019 0:00,63.99,65.41,63.85,63.99,58730
CTD,10/14/2019 0:00,63.99,64.42,63.85,63.85,50540
CTD,10/15/2019 0:00,63.99,63.99,63.14,63.85,37640
CTD,10/16/2019 0:00,64.35,64.35,63.28,63.28,51230
CTD,10/17/2019 0:00,63.28,63.35,62.57,62.57,41340
CTD,10/18/2019 0:00,62.28,62.92,61.86,62.07,30990
CTD,10/21/2019 0:00,62.07,62.28,60.93,60.93,59120
CTD,10/22/2019 0:00,58.3,59.72,58.3,58.87,110200
CTD,10/23/2019 0:00,59.72,59.72,58.87,59.01,19560
CTD,10/24/2019 0:00,59.01,59.44,58.87,59.23,33160
CTD,10/25/2019 0:00,59.23,59.23,58.16,58.3,54570
CTD,10/28/2019 0:00,58.3,58.52,56.53,56.53,70950
CTD,10/29/2019 0:00,56.17,56.88,55.81,55.96,95440
CTD,10/30/2019 0:00,55.53,56.88,55.53,56.38,32120
CTD,10/31/2019 0:00,56.24,56.88,56.03,56.17,23400
CTD,11/1/2019 0:00,56.1,56.1,54.11,54.11,157030
CTD,11/4/2019 0:00,54.04,54.32,52.97,52.97,163130
CTD,11/5/2019 0:00,52.97,54.25,52.83,52.97,285990
CTD,11/6/2019 0:00,52.97,53.75,52.97,53.4,146890
CTD,11/7/2019 0:00,53.68,53.89,53.33,53.33,91940
CTD,11/8/2019 0:00,53.82,53.89,52.97,52.97,63590
CTD,11/11/2019 0:00,52.97,53.33,51.9,51.9,64860
CTD,11/12/2019 0:00,52.33,52.47,50.69,50.69,148330
CTD,11/13/2019 0:00,50.69,51.9,49.77,49.91,156900
CTD,11/14/2019 0:00,49.63,49.84,48.35,49.06,118100
CTD,11/15/2019 0:00,49.06,49.06,48.42,48.99,65480
CTD,11/18/2019 0:00,48.49,51.55,48.49,50.27,115510
CTD,11/19/2019 0:00,50.84,51.48,50.27,50.48,89730
CTD,11/20/2019 0:00,51.05,51.05,49.98,50.41,28290
CTD,11/21/2019 0:00,50.2,50.41,48.35,48.35,92320
CTD,11/22/2019 0:00,48.78,48.99,46.36,46.64,152570
CTD,11/25/2019 0:00,46.22,48.7,46.22,47.42,52850
CTD,11/26/2019 0:00,47.42,48.49,47.42,47.42,22560
CTD,11/27/2019 0:00,47.71,47.85,47.14,47.14,17780
CTD,11/28/2019 0:00,47,47.5,45.5,45.5,86060
CTD,11/29/2019 0:00,45.5,46.14,44.58,45.15,82730
CTD,12/2/2019 0:00,45.15,45.29,44.65,44.79,50170
CTD,12/3/2019 0:00,44.08,44.94,44.08,44.44,93620
CTD,12/4/2019 0:00,44.72,44.72,44.3,44.44,53540
CTD,12/5/2019 0:00,44.3,46.22,44.3,45.29,33220
CTD,12/6/2019 0:00,45.29,47.35,44.94,46.5,57440
CTD,12/9/2019 0:00,46.86,47.28,45.65,45.79,62930
CTD,12/10/2019 0:00,45.58,46.07,44.65,44.65,45690
CTD,12/11/2019 0:00,44.44,44.79,43.87,44.44,31500
CTD,12/12/2019 0:00,44.51,45.43,43.87,44.79,14330
CTD,12/13/2019 0:00,44.79,45.15,44.01,44.08,50710
CTD,12/16/2019 0:00,44.08,44.72,43.73,44.72,20880
CTD,12/17/2019 0:00,44.72,45.08,44.01,44.01,20670
CTD,12/18/2019 0:00,44.08,44.65,43.87,43.87,23980
CTD,12/19/2019 0:00,43.8,44.08,43.37,43.37,41820
CTD,12/20/2019 0:00,43.23,43.94,41.24,41.24,118740
CTD,12/23/2019 0:00,41.24,41.38,39.6,39.6,100300
CTD,12/24/2019 0:00,39.46,39.53,37.68,37.75,134890
CTD,12/25/2019 0:00,37.75,40.1,37.33,39.46,128320
CTD,12/26/2019 0:00,39.75,39.82,38.89,39.25,60090
CTD,12/27/2019 0:00,39.25,39.25,38.32,38.32,70710
CTD,12/30/2019 0:00,38.18,38.18,37.4,37.61,109630
CTD,12/31/2019 0:00,37.61,37.61,36.26,36.47,119970
CTD,1/2/2020 0:00,36.47,38.54,36.47,37.54,123270
CTD,1/3/2020 0:00,38.11,38.96,37.9,37.9,135390
CTD,1/6/2020 0:00,37.68,37.75,37.04,37.4,28890
CTD,1/7/2020 0:00,37.54,37.54,36.26,36.62,77310
CTD,1/8/2020 0:00,36.33,36.55,35.76,35.83,104260
CTD,1/9/2020 0:00,35.83,36.76,35.69,35.69,70230
CTD,1/10/2020 0:00,35.62,35.69,33.95,35.23,285310
CTD,1/13/2020 0:00,35.23,36.12,35.23,35.34,61630
CTD,1/14/2020 0:00,35.12,35.91,35.12,35.27,69340
CTD,1/15/2020 0:00,35.19,35.48,35.05,35.16,58970
CTD,1/16/2020 0:00,35.16,35.41,34.63,35.05,45110
CTD,1/17/2020 0:00,34.77,37.47,34.77,37.47,251890
CTD,1/20/2020 0:00,37.68,39.46,37.68,38.04,108300
CTD,1/21/2020 0:00,38.04,38.39,37.19,37.68,123630
CTD,1/22/2020 0:00,36.97,39.25,36.97,37.97,147520
CTD,1/30/2020 0:00,37.54,38.89,37.54,37.61,130320
CTD,1/31/2020 0:00,37.68,40.24,37.68,39.6,299400
CTD,2/3/2020 0:00,39.75,39.75,36.97,37.11,304180
CTD,2/4/2020 0:00,37.11,37.9,35.55,35.62,254790
CTD,2/5/2020 0:00,35.91,36.97,35.91,35.98,148880
CTD,2/6/2020 0:00,36.97,37.97,35.98,37.75,170980
CTD,2/7/2020 0:00,37.97,40.39,37.75,40.39,272130
CTD,2/10/2020 0:00,41.66,43.16,40.53,43.16,256350
CTD,2/11/2020 0:00,44.08,46.14,44.08,44.79,454660
CTD,2/12/2020 0:00,44.44,47.42,43.87,46.22,437870
CTD,2/13/2020 0:00,46,46.93,45.43,45.72,125260
CTD,2/14/2020 0:00,44.94,46.71,44.58,45.65,172420
CTD,2/17/2020 0:00,45.65,48.35,45.01,48.35,250230
CTD,2/18/2020 0:00,51.05,51.48,49.06,49.77,333580
CTD,2/19/2020 0:00,49.41,50.62,49.06,49.77,133290
CTD,2/20/2020 0:00,49.06,50.41,47.85,48.06,225110
CTD,2/21/2020 0:00,47.64,49.13,47,47.57,161430
CTD,2/24/2020 0:00,46.22,46.29,44.3,44.3,264160
CTD,2/25/2020 0:00,41.59,45.5,41.59,45.36,238120
CTD,2/26/2020 0:00,44.08,45.36,43.73,44.44,79240
CTD,2/27/2020 0:00,44.15,46.22,44.15,46.14,147910
CTD,2/28/2020 0:00,44.72,45.72,44.08,44.3,129600
CTD,3/2/2020 0:00,44.3,46.22,44.08,45.5,166400
CTD,3/3/2020 0:00,46.57,48.63,46.29,48.63,238760
CTD,3/4/2020 0:00,49.77,51.55,48.7,48.7,291500
CTD,3/5/2020 0:00,49.41,49.7,47.64,47.78,194510
CTD,3/6/2020 0:00,47.28,50.41,46.71,49.77,303280
CTD,3/9/2020 0:00,46.29,48.28,46.29,46.29,223240
CTD,3/10/2020 0:00,44.44,46.93,43.94,46.22,195980
CTD,3/11/2020 0:00,46.22,46.93,43.02,43.02,430810
CTD,3/12/2020 0:00,40.53,44.72,40.03,40.03,403670
CTD,3/13/2020 0:00,37.33,39.82,37.26,38.89,263780
CTD,3/16/2020 0:00,37.33,39.03,36.62,36.69,140480
CTD,3/17/2020 0:00,34.84,38.89,34.84,38.89,183630
CTD,3/18/2020 0:00,38.89,40.03,38.89,39.18,153030
CTD,3/19/2020 0:00,37.68,38.39,36.97,37.68,118400
CTD,3/20/2020 0:00,38.04,38.54,37.33,38.25,208660
CTD,3/23/2020 0:00,37.19,37.19,35.62,35.62,200910
CTD,3/24/2020 0:00,35.62,36.97,35.55,36.47,114070
CTD,3/25/2020 0:00,37.68,38.68,37.54,37.68,152310
CTD,3/26/2020 0:00,37.33,37.68,36.26,36.83,95830
CTD,3/27/2020 0:00,38.25,38.25,36.12,36.33,63030
CTD,3/30/2020 0:00,34.48,35.27,33.81,34.34,165000
CTD,3/31/2020 0:00,34.2,35.55,31.96,31.96,280350
CTD,4/1/2020 0:00,32,32.71,31.28,32.07,217950
CTD,4/3/2020 0:00,32.64,34.31,32.64,34.31,128520
CTD,4/6/2020 0:00,36.26,36.69,36.26,36.69,84890
CTD,4/7/2020 0:00,38.75,39.03,36.97,38.54,318610
CTD,4/8/2020 0:00,37.61,38.54,36.97,38.25,136450
CTD,4/9/2020 0:00,37.83,39.46,37.83,38.61,191390
CTD,4/10/2020 0:00,38.39,39.11,37.68,38.04,143230
CTD,4/13/2020 0:00,38.32,38.68,37.97,38.04,144440
CTD,4/14/2020 0:00,38.04,38.18,36.26,37.68,172560
CTD,4/15/2020 0:00,37.68,40.31,37.68,40.31,549210
CTD,4/16/2020 0:00,40.31,42.8,40.31,42.23,354240
CTD,4/17/2020 0:00,43.37,44.01,42.66,43.87,397140
CTD,4/20/2020 0:00,43.87,44.79,42.52,43.87,454940
CTD,4/21/2020 0:00,41.66,42.3,40.81,40.81,535580
CTD,4/22/2020 0:00,38.47,40.74,38.47,40.31,302320
CTD,4/23/2020 0:00,40.67,41.88,39.46,40.31,217070
CTD,4/24/2020 0:00,40.17,43.09,39.46,43.09,375720
CTD,4/27/2020 0:00,43.73,45.5,43.73,45.5,467190
CTD,4/28/2020 0:00,45.15,45.86,44.08,45.36,250210
CTD,4/29/2020 0:00,44.58,45.36,44.44,44.58,243670
CTD,5/4/2020 0:00,44.44,44.58,43.37,43.37,258520
CTD,5/5/2020 0:00,43.37,43.87,42.3,43.37,181260
CTD,5/6/2020 0:00,43.37,46.36,43.37,46.36,350690
CTD,5/7/2020 0:00,46.93,48.49,46.93,47.64,340880
CTD,5/8/2020 0:00,47.78,48.49,46.5,46.57,496840
CTD,5/11/2020 0:00,47.14,47.92,46.64,47.14,288520
CTD,5/12/2020 0:00,46.93,49.06,46.29,49.06,400210
CTD,5/13/2020 0:00,49.06,51.48,47.99,50.2,482130
CTD,5/14/2020 0:00,49.7,50.27,49.06,49.06,303350
CTD,5/15/2020 0:00,49.06,50.13,47.64,47.64,420700
CTD,5/18/2020 0:00,47.99,48.78,47.21,48.7,274500
CTD,5/19/2020 0:00,48.7,50.2,48.35,48.35,333030
CTD,5/20/2020 0:00,47.42,50.05,47.42,49.56,354870
CTD,5/21/2020 0:00,49.63,50.13,48.35,49.41,274820
CTD,5/22/2020 0:00,49.41,49.7,48.35,48.42,274320
CTD,5/25/2020 0:00,48.42,48.63,47.99,48.35,207710
CTD,5/26/2020 0:00,48.92,49.7,48.21,49.27,377220
CTD,5/27/2020 0:00,49.7,52.69,49.49,52.69,1197620
CTD,5/28/2020 0:00,52.97,55.81,52.97,54.61,479930
CTD,5/29/2020 0:00,53.33,54.61,53.33,54.04,238500
CTD,6/1/2020 0:00,53.97,55.46,53.4,54.96,447410
CTD,6/2/2020 0:00,54.96,55.25,51.12,51.12,844250
CTD,6/3/2020 0:00,47.64,49.7,47.57,47.85,1537730
CTD,6/4/2020 0:00,47.85,51.19,47.85,51.19,542240
CTD,6/5/2020 0:00,51.19,53.33,51.19,52.05,323220
CTD,6/8/2020 0:00,51.19,51.76,50.48,51.12,630860
CTD,6/9/2020 0:00,50.84,50.98,49.98,50.13,453560
CTD,6/10/2020 0:00,49.06,49.7,47.99,49.34,418980
CTD,6/11/2020 0:00,49.06,51.9,47.64,47.64,596480
CTD,6/12/2020 0:00,47.64,48.99,46.93,47.99,303610
CTD,6/15/2020 0:00,47.99,48.63,44.65,44.65,383160
CTD,6/16/2020 0:00,45.5,45.5,43.8,45.36,266990
CTD,6/17/2020 0:00,45.5,45.5,44.51,44.58,120440
CTD,6/18/2020 0:00,43.02,44.65,42.45,44.51,267290
CTD,6/19/2020 0:00,44.51,46.14,44.37,45.08,178350
CTD,6/22/2020 0:00,45.5,48.21,45.5,48.21,680980
CTD,6/23/2020 0:00,51.55,51.55,50.77,51.55,2269440
CTD,6/24/2020 0:00,54.04,55.03,51.19,51.19,1194010
CTD,6/25/2020 0:00,48.56,50.13,48.06,48.06,789930
CTD,6/26/2020 0:00,48.49,50.13,46.93,47.5,564420
CTD,6/29/2020 0:00,47.99,50.48,47.28,49.77,1108280
CTD,6/30/2020 0:00,50.84,51.19,48.49,49.49,471750
CTD,7/1/2020 0:00,52.9,52.9,52.61,52.9,782260
CTD,7/2/2020 0:00,56.6,56.6,56.6,56.6,406980
CTD,7/3/2020 0:00,60.51,60.51,56.81,56.81,2318180
CTD,7/6/2020 0:00,56.38,58.3,55.46,55.6,746210
CTD,7/7/2020 0:00,58.66,58.66,56.67,56.67,868500
CTD,7/8/2020 0:00,56.67,58.52,56.24,56.95,847340
CTD,7/9/2020 0:00,56.95,57.8,56.17,56.45,602140
CTD,7/10/2020 0:00,56.53,57.66,56.17,56.17,483860
CTD,7/13/2020 0:00,56.1,58.3,55.46,57.45,926850
CTD,7/14/2020 0:00,57.45,58.16,56.95,57.02,514110
CTD,7/15/2020 0:00,57.59,60.44,57.16,59.37,1342900
CTD,7/16/2020 0:00,59.72,60.44,59.3,59.37,634270
CTD,7/17/2020 0:00,59.37,60.65,59.08,60.15,720950
CTD,7/20/2020 0:00,60.29,60.79,57.59,57.59,871890
CTD,7/21/2020 0:00,58.23,58.73,56.88,58.66,542940
CTD,7/22/2020 0:00,58.66,59.3,56.17,56.17,1037170
CTD,7/23/2020 0:00,56.17,57.52,55.67,56.24,627670
CTD,7/24/2020 0:00,56.31,56.38,52.33,52.33,1405050
CTD,7/27/2020 0:00,49.41,51.55,48.7,48.7,893160
CTD,7/28/2020 0:00,48.7,51.12,48.21,50.48,707830
CTD,7/29/2020 0:00,48.7,48.99,47,47.64,829120
CTD,7/30/2020 0:00,47.99,49.41,47.99,48.49,405750
CTD,7/31/2020 0:00,47.99,48.28,47.14,47.5,673240
CTD,8/3/2020 0:00,47.5,49.91,47.5,49.84,499150
CTD,8/4/2020 0:00,51.12,52.47,50.77,52.26,903520
CTD,8/5/2020 0:00,52.61,55.67,51.69,54.46,1108780
CTD,8/6/2020 0:00,54.46,55.39,53.61,54.39,686550
CTD,8/7/2020 0:00,54.61,56.03,53.89,55.89,931470
CTD,8/10/2020 0:00,56.53,56.88,54.89,54.89,707180
CTD,8/11/2020 0:00,54.82,55.67,54.32,55.53,486670
CTD,8/12/2020 0:00,55.53,55.81,54.39,54.75,458910
CTD,8/13/2020 0:00,55.32,56.03,55.17,55.96,558860
CTD,8/14/2020 0:00,56.17,56.74,55.67,55.81,839310
CTD,8/17/2020 0:00,55.6,57.24,55.32,56.88,651110
CTD,8/18/2020 0:00,57.16,57.31,56.81,56.88,333640
CTD,8/19/2020 0:00,56.88,57.02,56.17,56.53,319920
CTD,8/20/2020 0:00,56.74,56.81,55.46,55.6,396430
CTD,8/21/2020 0:00,55.6,56.03,55.39,55.53,468160
CTD,8/24/2020 0:00,56.1,57.09,55.6,56.81,939500
CTD,8/25/2020 0:00,56.88,58.52,56.31,58.09,1058980
CTD,8/26/2020 0:00,57.95,58.02,56.88,57.16,712210
CTD,8/27/2020 0:00,56.95,57.59,56.17,56.53,700190
CTD,8/28/2020 0:00,57.56,58.3,56.67,57.26,818180
CTD,8/31/2020 0:00,57.26,57.63,56.23,56.3,758910
CTD,9/1/2020 0:00,56.16,56.16,55.42,55.42,875370
CTD,9/3/2020 0:00,55.93,55.93,55.12,55.56,612210
CTD,9/4/2020 0:00,55.05,56.89,55.05,55.64,560630
CTD,9/7/2020 0:00,56.23,56.38,54.9,54.9,719300
CTD,9/8/2020 0:00,55.19,55.19,53.72,54.01,1061900
CTD,9/9/2020 0:00,53.72,54.75,53.64,54.16,439130
CTD,9/10/2020 0:00,54.46,54.9,54.16,54.53,381410
CTD,9/11/2020 0:00,54.46,54.68,54.38,54.46,240530
CTD,9/14/2020 0:00,54.68,54.68,53.72,53.72,728620
CTD,9/15/2020 0:00,54.01,54.38,53.64,53.87,370370
CTD,9/16/2020 0:00,53.94,54.16,53.64,53.87,304060
CTD,9/17/2020 0:00,53.94,55.05,53.87,54.09,447700
CTD,9/18/2020 0:00,54.09,54.6,53.94,54.16,317260
CTD,9/21/2020 0:00,54.46,54.53,54.16,54.38,568940
CTD,9/22/2020 0:00,54.31,54.31,53.42,53.72,453490
CTD,9/23/2020 0:00,53.79,54.53,53.72,54.01,418760
CTD,9/24/2020 0:00,54.01,54.31,53.72,53.87,419780
CTD,9/25/2020 0:00,53.94,54.31,52.46,52.68,1153660
CTD,9/28/2020 0:00,52.9,53.2,50.32,51.13,1543740
CTD,9/29/2020 0:00,50.98,50.98,49.51,49.51,1411470
CTD,9/30/2020 0:00,49.51,51.21,47.88,51.13,1381300
CTD,10/1/2020 0:00,51.13,51.72,50.24,50.98,554170
CTD,10/2/2020 0:00,50.69,50.98,49.51,50.76,774660
CTD,10/5/2020 0:00,50.61,50.84,49.51,49.51,954110
CTD,10/6/2020 0:00,49.14,49.36,47.66,47.66,2864590
CTD,10/7/2020 0:00,46.77,47.29,44.7,44.7,2791470
CTD,10/8/2020 0:00,44.7,47.36,44.7,45.15,3504770
CTD,10/9/2020 0:00,45.88,46.48,44.48,45.37,1914890
CTD,10/12/2020 0:00,45.81,47.95,45.59,47.66,2120420
CTD,10/13/2020 0:00,47.66,47.66,46.18,46.33,1120630
CTD,10/14/2020 0:00,46.18,46.18,45.15,45.29,1219040
CTD,10/15/2020 0:00,45.07,45.15,42.86,42.86,2464510
CTD,10/16/2020 0:00,42.86,43.15,39.97,40.2,2814930
CTD,10/19/2020 0:00,40.27,42.71,40.27,42.71,969710
CTD,10/20/2020 0:00,42.86,44.7,42.71,44.19,1405370
CTD,10/21/2020 0:00,43.59,44.26,43.08,43.08,1083360
CTD,10/22/2020 0:00,42.78,42.86,41.67,42.71,511160
CTD,10/23/2020 0:00,42.86,43.59,41.82,42.04,1125860
CTD,10/26/2020 0:00,42.71,42.78,41.75,41.75,623310
CTD,10/27/2020 0:00,41.01,41.9,41.01,41.23,716330
CTD,10/28/2020 0:00,41.08,42.49,41.01,41.23,731170
CTD,10/29/2020 0:00,40.93,42.04,40.93,41.75,705870
CTD,10/30/2020 0:00,42.41,42.41,41.53,41.67,624810
CTD,11/2/2020 0:00,41.3,41.75,40.42,41.75,656940
CTD,11/3/2020 0:00,42.04,42.04,41.3,41.3,414390
CTD,11/4/2020 0:00,41.3,41.75,41.23,41.3,429520
CTD,11/5/2020 0:00,41.3,42.78,41.3,42.12,946040
CTD,11/6/2020 0:00,42.63,42.71,41.75,41.97,439930
CTD,11/9/2020 0:00,42.12,43.08,41.97,43,865810
CTD,11/10/2020 0:00,43.3,45.66,43.22,45.07,1778380
CTD,11/11/2020 0:00,45.44,46.18,45.07,45.52,1074460
CTD,11/12/2020 0:00,45.52,46.11,44.85,45.81,810810
CTD,11/13/2020 0:00,45.74,46.11,45.22,45.52,886960
CTD,11/16/2020 0:00,46.18,47.22,45.96,46.4,2141080
CTD,11/17/2020 0:00,46.92,46.92,45.81,46.4,884490
CTD,11/18/2020 0:00,46.55,47.07,46.25,46.77,722920
CTD,11/19/2020 0:00,46.77,47.14,45.44,45.66,1127680
CTD,11/20/2020 0:00,45.15,45.59,44.7,45.22,908560
CTD,11/23/2020 0:00,45.81,46.92,45.15,46.62,1092580
CTD,11/24/2020 0:00,46.92,46.92,46.03,46.48,763080
CTD,11/25/2020 0:00,46.92,47.66,46.4,47.14,1325860
CTD,11/26/2020 0:00,47.14,47.66,46.99,47.29,714340
CTD,11/27/2020 0:00,47.44,47.51,47.07,47.07,424780
CTD,11/30/2020 0:00,47.29,48.03,47.07,47.44,1169370
CTD,12/1/2020 0:00,47.07,47.51,46.62,47.36,1080790
CTD,12/2/2020 0:00,47.07,47.22,46.62,47.14,808700
CTD,12/3/2020 0:00,47.07,47.07,45.22,46.25,1582590
CTD,12/4/2020 0:00,46.25,46.85,45.66,45.66,529330
CTD,12/7/2020 0:00,45.81,46.62,45.44,46.25,1010150
CTD,12/8/2020 0:00,46.55,49.43,46.55,49.43,3160810
CTD,12/9/2020 0:00,50.98,51.72,49.58,51.72,1670600
CTD,12/10/2020 0:00,52.31,52.68,51.06,52.09,1630900
CTD,12/11/2020 0:00,52.09,52.98,50.69,52.09,1495830
CTD,12/14/2020 0:00,52.46,52.46,51.65,51.94,1159890
CTD,12/15/2020 0:00,51.94,52.83,51.43,52.61,1410530
CTD,12/16/2020 0:00,52.68,53.57,52.61,53.5,929500
CTD,12/17/2020 0:00,53.2,53.2,51.57,52.02,1268120
CTD,12/18/2020 0:00,52.83,53.13,52.17,52.31,1112770
CTD,12/21/2020 0:00,53.94,54.31,52.53,52.53,1371900
CTD,12/22/2020 0:00,52.53,53.57,51.94,52.83,775600
CTD,12/23/2020 0:00,53.2,54.97,52.17,54.53,1336080
CTD,12/24/2020 0:00,52.83,54.6,51.72,54.6,1113390
CTD,12/25/2020 0:00,54.53,55.19,53.64,54.68,1432200
CTD,12/28/2020 0:00,54.68,55.27,53.72,55.27,875560
CTD,12/29/2020 0:00,55.27,58.74,54.68,58.74,1775960
CTD,12/30/2020 0:00,59.11,59.48,57.12,58.59,2068550
CTD,12/31/2020 0:00,58.37,58.59,57.41,57.41,1431450
CTD,1/4/2021 0:00,57.41,57.63,56.53,56.53,1852800
CTD,1/5/2021 0:00,56.3,57.26,56.3,56.53,1216100
CTD,1/6/2021 0:00,56.82,57.26,55.79,56.3,1339800
CTD,1/7/2021 0:00,56.23,56.75,55.42,56.01,1319000
CTD,1/8/2021 0:00,56.3,58,55.86,56.82,1421000
CTD,1/11/2021 0:00,57.63,58.37,56.38,58.08,1055200
CTD,1/12/2021 0:00,58.37,62.14,58,62.14,2876800
CTD,1/13/2021 0:00,63.47,64.14,61.7,62.21,1339800
CTD,1/14/2021 0:00,62.21,62.95,61.25,62.07,1063000
CTD,1/15/2021 0:00,62.07,62.95,61.4,61.4,1056000
CTD,1/18/2021 0:00,61.4,63.47,60.74,62.07,1608900
CTD,1/19/2021 0:00,62.81,62.88,57.78,57.85,1778000
CTD,1/20/2021 0:00,58,58.82,54.68,57.85,1210900
CTD,1/21/2021 0:00,58.67,60,57.85,59.11,1039300
CTD,1/22/2021 0:00,59.11,60.22,58.3,59.04,942100
CTD,1/25/2021 0:00,58.74,60.96,58.37,59.48,1179500
CTD,1/26/2021 0:00,60.37,60.37,57.63,58.52,1108600
CTD,1/27/2021 0:00,57.26,59.04,54.6,56.01,1237500
CTD,1/28/2021 0:00,52.17,53.57,52.09,52.09,1599700
CTD,1/29/2021 0:00,48.77,54.68,48.77,54.68,1123000
CTD,2/1/2021 0:00,52.83,53.42,50.91,50.91,1024200
CTD,2/2/2021 0:00,50.24,51.06,48.62,50.24,870800
CTD,2/3/2021 0:00,50.24,52.83,50.24,52.46,885200
CTD,2/4/2021 0:00,52.53,52.83,51.72,51.94,603700
CTD,2/5/2021 0:00,51.94,52.9,51.8,52.76,587200
CTD,2/8/2021 0:00,53.2,53.5,50.24,50.69,872200
CTD,2/9/2021 0:00,50.69,51.94,50.17,50.98,490900
CTD,2/17/2021 0:00,51.35,53.94,51.35,53.42,633000
CTD,2/18/2021 0:00,53.94,54.68,53.2,54.09,791900
CTD,2/19/2021 0:00,53.57,54.6,53.35,53.87,528800
CTD,2/22/2021 0:00,53.94,57.56,53.94,56.01,1427500
CTD,2/23/2021 0:00,56.16,57.41,56.01,56.23,1007400
CTD,2/24/2021 0:00,56.23,57.04,54.68,55.42,861800
CTD,2/25/2021 0:00,55.71,55.79,54.16,55.27,868900
CTD,2/26/2021 0:00,54.31,55.05,54.01,54.6,700600
CTD,3/1/2021 0:00,55.19,55.79,54.6,55.71,647900
CTD,3/2/2021 0:00,56.38,56.38,55.05,55.56,408700
CTD,3/3/2021 0:00,55.56,55.71,54.6,55.27,563700
CTD,3/4/2021 0:00,55.42,55.79,52.46,53.87,704100
CTD,3/5/2021 0:00,53.64,53.64,52.09,53.13,727400
CTD,3/8/2021 0:00,54.46,54.6,53.57,54.01,564700
CTD,3/9/2021 0:00,54.23,57.78,53.57,57.78,2898100
CTD,3/10/2021 0:00,58.52,58.96,57.04,57.78,930900
CTD,3/11/2021 0:00,58,58.08,57.04,57.63,678900
CTD,3/12/2021 0:00,57.63,58.59,57.26,57.49,1092000
CTD,3/15/2021 0:00,57.49,59.78,57.34,58.74,1398500
CTD,3/16/2021 0:00,59.33,59.41,57.63,58.3,776600
CTD,3/17/2021 0:00,58.15,58.22,57.49,57.56,669200
CTD,3/18/2021 0:00,57.63,58,57.12,57.49,771300
CTD,3/19/2021 0:00,57.63,58.59,57.26,57.49,544100
CTD,3/22/2021 0:00,57.49,57.49,55.79,56.16,1515400
CTD,3/23/2021 0:00,56.16,56.75,55.56,56.08,728800
CTD,3/24/2021 0:00,55.42,55.71,53.94,54.16,908200
CTD,3/25/2021 0:00,54.38,54.9,53.94,54.01,703300
CTD,3/26/2021 0:00,53.64,54.31,52.46,52.53,889200
CTD,3/29/2021 0:00,53.94,54.31,52.76,54.31,559000
CTD,3/30/2021 0:00,54.31,55.27,53.94,54.46,483800
CTD,3/31/2021 0:00,54.53,55.05,53.79,53.87,402100
CTD,4/1/2021 0:00,53.87,54.9,53.57,54.6,579000
CTD,4/2/2021 0:00,55.05,55.05,54.31,54.38,581300
CTD,4/5/2021 0:00,54.38,54.68,53.2,53.42,999400
CTD,4/6/2021 0:00,53.05,53.5,52.83,53.2,870800
CTD,4/7/2021 0:00,52.9,54.31,52.83,53.94,556200
CTD,4/8/2021 0:00,54.01,54.01,53.13,53.35,507700
CTD,4/9/2021 0:00,53.27,53.35,52.98,52.98,423100
CTD,4/12/2021 0:00,53.13,53.13,51.5,52.24,1552100
CTD,4/13/2021 0:00,52.39,52.39,50.39,50.84,1091200
CTD,4/14/2021 0:00,50.61,52.46,50.32,51.72,714500
CTD,4/15/2021 0:00,51.72,51.87,50.54,51.35,557100
CTD,4/16/2021 0:00,50.98,51.28,50.02,50.17,581700
CTD,4/19/2021 0:00,50.17,51.06,50.1,50.32,501600
CTD,4/20/2021 0:00,50.69,51.72,50.47,51.13,549500
CTD,4/22/2021 0:00,51.13,51.13,49.14,49.14,478400
CTD,4/23/2021 0:00,49.14,50.17,48.99,49.88,442600
CTD,4/26/2021 0:00,49.88,49.88,47.36,47.36,469300
CTD,4/27/2021 0:00,46.55,47.51,46.11,46.18,483400
CTD,4/28/2021 0:00,45.66,47.22,45.66,46.92,333100
CTD,4/29/2021 0:00,47.14,47.44,46.7,47.44,574800
CTD,5/4/2021 0:00,46.18,46.55,45.81,45.96,375400
CTD,5/5/2021 0:00,45.96,46.7,45.96,46.25,509000
CTD,5/6/2021 0:00,46.62,46.62,46.11,46.18,316400
CTD,5/7/2021 0:00,46.03,46.03,43.3,43.3,701700
CTD,5/10/2021 0:00,42.19,42.78,41.75,42.34,678500
CTD,5/11/2021 0:00,42.86,44.41,42.78,43.74,484900
CTD,5/12/2021 0:00,43.52,44.19,43.3,44.11,294300
CTD,5/13/2021 0:00,43.59,44.04,42.63,42.63,425400
CTD,5/14/2021 0:00,42.71,43.15,42.12,42.12,417700
CTD,5/17/2021 0:00,42.78,42.78,41.38,41.38,373100
CTD,5/18/2021 0:00,41.23,41.45,39.83,40.27,610100
CTD,5/19/2021 0:00,40.12,41.38,40.12,40.12,361300
CTD,5/20/2021 0:00,40.64,40.64,38.42,39.01,674400
CTD,5/21/2021 0:00,38.42,40.56,38.42,39.75,355900
CTD,5/24/2021 0:00,39.31,42.34,39.31,42.12,609300
CTD,5/25/2021 0:00,42.78,43.37,42.12,42.86,670700
CTD,5/26/2021 0:00,42.71,42.93,41.97,42.86,606300
CTD,5/27/2021 0:00,42.49,43.82,42.26,42.78,729700
CTD,5/28/2021 0:00,42.86,43.96,42.19,43.67,546900
CTD,5/31/2021 0:00,43.59,45.81,43.22,45.81,747600
CTD,6/1/2021 0:00,46.18,46.33,45.15,45.29,421700
CTD,6/2/2021 0:00,45.07,45.81,44.41,45.59,690600
CTD,6/3/2021 0:00,45.81,46.85,45.59,46.48,490200
CTD,6/4/2021 0:00,45.88,46.55,45.07,45.88,668400
CTD,6/7/2021 0:00,45.81,45.96,45.07,45.29,303500
CTD,6/8/2021 0:00,45.37,46.48,45.22,45.52,680200
CTD,6/9/2021 0:00,45.59,46.11,44.56,45.66,309100
CTD,6/10/2021 0:00,45.37,45.81,45.15,45.66,159500
CTD,6/11/2021 0:00,46.25,46.85,46.03,46.4,490200
CTD,6/14/2021 0:00,46.55,47.66,46.4,46.55,600100
CTD,6/15/2021 0:00,47.07,47.07,46.25,46.48,208800
CTD,6/16/2021 0:00,46.03,46.77,45.15,46.48,494300
CTD,6/17/2021 0:00,45.88,46.48,45.88,46.18,147000
CTD,6/18/2021 0:00,46.18,46.55,45.81,46.18,241900
CTD,6/21/2021 0:00,46.18,46.99,46.11,46.25,432000
CTD,6/22/2021 0:00,46.25,46.92,46.25,46.33,310900
CTD,6/23/2021 0:00,46.55,49.06,46.55,48.32,961300
CTD,6/24/2021 0:00,48.77,49.28,48.1,48.4,368000
CTD,6/25/2021 0:00,48.4,48.47,47.66,48.32,294800
CTD,6/28/2021 0:00,48.77,48.77,48.03,48.77,488000
CTD,6/29/2021 0:00,48.77,48.91,47.81,47.95,340600
CTD,6/30/2021 0:00,48.54,48.54,47.73,47.81,160300
CTD,7/1/2021 0:00,47.44,48.03,47.44,47.88,250700
CTD,7/2/2021 0:00,48.03,48.4,47.29,47.66,267000
CTD,7/5/2021 0:00,47.66,47.66,45.88,46.4,393100
CTD,7/6/2021 0:00,45.96,46.4,45.07,45.07,289300
CTD,7/7/2021 0:00,45.29,45.37,43.67,45.07,300900
CTD,7/8/2021 0:00,45.07,46.92,45.07,46.48,395900
CTD,7/9/2021 0:00,46.55,47.73,46.4,47.14,562500
CTD,7/12/2021 0:00,47.07,47.07,44.33,45.81,435400
CTD,7/13/2021 0:00,45.52,45.81,44.7,45.07,160100
CTD,7/14/2021 0:00,45.07,45.44,44.04,44.04,188000
CTD,7/15/2021 0:00,44.04,44.92,43.82,44.7,254300
CTD,7/16/2021 0:00,45.07,45.22,44.19,44.48,95800
CTD,7/19/2021 0:00,44.26,44.41,43.08,43.96,264900
CTD,7/20/2021 0:00,43.3,44.19,43,44.19,135300
CTD,7/21/2021 0:00,44.19,44.19,43.3,44.04,127600
CTD,7/22/2021 0:00,44.26,44.78,44.04,44.48,259100
CTD,7/23/2021 0:00,44.63,44.63,43.37,44.33,194400
CTD,7/26/2021 0:00,44.19,44.33,43.59,43.96,78300
CTD,7/27/2021 0:00,44.26,44.33,43.52,44.04,115600
CTD,7/28/2021 0:00,43.67,44.11,43.45,43.82,126000
CTD,7/29/2021 0:00,43.82,44.26,43.59,43.96,118100
CTD,7/30/2021 0:00,44.19,46.55,44.19,46.55,1017100
CTD,8/2/2021 0:00,46.33,46.55,45.74,46.33,341900
CTD,8/3/2021 0:00,46.33,47.66,45.96,47.66,636300
CTD,8/4/2021 0:00,47.66,48.03,47.07,47.22,300200
CTD,8/5/2021 0:00,47.14,47.29,46.55,46.99,260700
CTD,8/6/2021 0:00,47.29,49.36,46.7,48.32,671300
CTD,8/9/2021 0:00,48.25,49.36,47.66,48.69,318200
CTD,8/10/2021 0:00,48.69,48.84,47.81,47.95,414100
CTD,8/11/2021 0:00,47.95,49.28,47.44,48.77,771200
CTD,8/12/2021 0:00,48.25,50.91,48.25,50.32,1293700
CTD,8/13/2021 0:00,50.32,50.61,49.51,50.24,635500
CTD,8/16/2021 0:00,50.32,50.54,49.65,49.88,500800
CTD,8/17/2021 0:00,49.51,50.39,49.14,49.58,839300
CTD,8/18/2021 0:00,49.65,49.8,48.47,49.36,698500
CTD,8/19/2021 0:00,49.36,49.88,48.84,49.73,607400
CTD,8/20/2021 0:00,49.06,49.58,47.73,49.36,1100600
CTD,8/23/2021 0:00,48.47,49.36,48.03,48.03,534600
CTD,8/24/2021 0:00,48.03,49.06,46.18,47.73,476500
CTD,8/25/2021 0:00,47.95,48.4,47.29,48.18,298500
CTD,8/26/2021 0:00,48.32,49.06,47.81,47.81,239500
CTD,8/27/2021 0:00,47.58,48.99,47.14,48.99,547400
CTD,8/30/2021 0:00,49.65,51.06,49.51,51.06,1186300
CTD,8/31/2021 0:00,51.06,52.31,50.98,52.02,789100
CTD,9/1/2021 0:00,52.02,52.02,51.21,51.72,278900
CTD,9/6/2021 0:00,52.02,52.83,51.35,52.46,479900
CTD,9/7/2021 0:00,52.46,52.46,51.21,51.28,406700
CTD,9/8/2021 0:00,51.28,51.28,50.32,50.32,301900
CTD,9/9/2021 0:00,50.24,50.91,50.24,50.76,186800
CTD,9/10/2021 0:00,50.98,51.65,50.76,51.57,382900
CTD,9/13/2021 0:00,51.57,51.57,50.61,50.76,274100
CTD,9/14/2021 0:00,50.76,51.35,50.02,50.24,314400
CTD,9/15/2021 0:00,50.24,50.61,49.88,50.24,231900
CTD,9/16/2021 0:00,50.98,50.98,50.24,50.39,164000
CTD,9/17/2021 0:00,50.24,50.98,50.24,50.47,179900
CTD,9/20/2021 0:00,50.91,50.98,49.88,49.88,339400
CTD,9/21/2021 0:00,49.58,50.24,49.21,49.88,310900
CTD,9/22/2021 0:00,49.88,51.53,49.88,51.22,210900
CTD,9/23/2021 0:00,51.83,51.83,50.85,51.15,158900
CTD,9/24/2021 0:00,51,51.6,51,51.3,202900
CTD,9/27/2021 0:00,51.83,51.83,49.88,49.88,197800
CTD,9/28/2021 0:00,49.88,50.55,49.88,50.55,273600
CTD,9/29/2021 0:00,50.55,51.75,50.03,51.38,207300
CTD,9/30/2021 0:00,51.38,51.53,50.85,51.08,92700
CTD,10/1/2021 0:00,50.92,51.22,50.25,50.47,176300
CTD,10/4/2021 0:00,51,52.5,50.03,52.5,546900
CTD,10/5/2021 0:00,52.8,54.15,52.8,53.63,721400
CTD,10/6/2021 0:00,54,54,53.25,53.63,179500
CTD,10/7/2021 0:00,53.25,53.63,52.88,52.88,246800
CTD,10/8/2021 0:00,53.1,53.63,52.5,52.72,180400
CTD,10/11/2021 0:00,52.88,53.1,52.05,52.05,356200
CTD,10/12/2021 0:00,52.05,52.8,51.75,52.13,207700
CTD,10/13/2021 0:00,52.5,52.65,52.2,52.5,98900
CTD,10/14/2021 0:00,52.42,52.95,52.13,52.2,223800
CTD,10/15/2021 0:00,52.5,52.5,51.75,51.9,216300
CTD,10/18/2021 0:00,51.9,52.13,51.15,51.15,422600
CTD,10/19/2021 0:00,51.08,51.3,50.92,51.15,132100
CTD,10/20/2021 0:00,51.15,51.97,51.15,51.75,84300
CTD,10/21/2021 0:00,51.75,51.75,51.15,51.45,134900
CTD,10/22/2021 0:00,52.05,52.88,51.45,52.88,441600
CTD,10/25/2021 0:00,53.47,53.55,52.65,52.8,335100
CTD,10/26/2021 0:00,52.95,53.33,52.2,53.25,406500
CTD,10/27/2021 0:00,52.88,54.08,52.88,54,616600
CTD,10/28/2021 0:00,54,54.08,53.47,53.63,162300
CTD,10/29/2021 0:00,54,54.53,53.25,53.92,585600
CTD,11/1/2021 0:00,53.4,55.35,53.4,54.83,607500
CTD,11/2/2021 0:00,54.97,55.13,54.08,54.08,236000
CTD,11/3/2021 0:00,54.08,54.3,52.65,53.63,593300
CTD,11/4/2021 0:00,52.95,53.7,52.95,53.7,380000
CTD,11/5/2021 0:00,53.7,54.45,53.25,54.38,341300
CTD,11/8/2021 0:00,54.38,54.97,53.63,54.53,657700
CTD,11/9/2021 0:00,54.53,55.28,54.08,54.97,696200
CTD,11/10/2021 0:00,54.75,55.58,54.75,55.13,373500
CTD,11/11/2021 0:00,55.2,55.88,54.83,55.72,319600
CTD,11/12/2021 0:00,55.8,56.1,54.83,55.28,306000
CTD,11/15/2021 0:00,55.2,55.28,54.38,54.45,433000
CTD,11/16/2021 0:00,54,54.38,53.1,53.92,802100
CTD,11/17/2021 0:00,54,57.38,54,56.78,2418800
CTD,11/18/2021 0:00,57.67,57.67,56.17,56.25,937700
CTD,11/19/2021 0:00,56.25,56.55,53.63,54,1108300
CTD,11/22/2021 0:00,54.45,54.45,50.33,51.38,1609600
CTD,11/23/2021 0:00,51.75,52.88,51,51,1031400
CTD,11/24/2021 0:00,52.65,54.53,52.65,54.53,543800
CTD,11/25/2021 0:00,56.63,56.78,55.5,56.4,783100
CTD,11/26/2021 0:00,55.88,56.25,54.75,55.5,699000
CTD,11/29/2021 0:00,54.15,56.25,54.08,56.1,463400
CTD,11/30/2021 0:00,56.33,60,56.33,60,1949300
CTD,12/1/2021 0:00,60.67,61.8,59.7,60,656400
CTD,12/2/2021 0:00,59.33,60.15,55.88,58.42,1161700
CTD,12/3/2021 0:00,58.65,59.63,57,57.75,742300
CTD,12/6/2021 0:00,57.67,59.17,56.25,57,795600
CTD,12/7/2021 0:00,57.83,58.28,57,57.75,616100
CTD,12/8/2021 0:00,58.5,61.5,57.75,61.13,1248900
CTD,12/9/2021 0:00,60.75,65.4,60.53,65.4,1692600
CTD,12/10/2021 0:00,66,67.5,64.88,67.43,933100
CTD,12/13/2021 0:00,68.1,69.97,67.88,67.88,991000
CTD,12/14/2021 0:00,67.5,67.5,65.63,66.22,812400
CTD,12/15/2021 0:00,66.97,70.05,66.22,68.4,697700
CTD,12/16/2021 0:00,69,69,67.5,68.47,381300
CTD,12/17/2021 0:00,69.38,69.38,65.63,68.47,600900
CTD,12/20/2021 0:00,68.63,68.63,66,66.6,724400
CTD,12/21/2021 0:00,66.38,67.5,65.03,66.82,612800
CTD,12/22/2021 0:00,66.97,69.75,66.9,67.88,504000
CTD,12/23/2021 0:00,67.95,72,67.05,71.78,1260300
CTD,12/24/2021 0:00,73.13,73.88,72,72.53,628700
CTD,12/27/2021 0:00,73.43,75.75,72.97,74.85,980500
CTD,12/28/2021 0:00,76.35,78.82,75.45,77.93,968100
CTD,12/29/2021 0:00,78,82.43,76.88,79.5,1599200
CTD,12/30/2021 0:00,79.5,80.85,77.93,80.63,462900
CTD,12/31/2021 0:00,79.88,84.6,79.88,82.13,594000
CTD,1/4/2022 0:00,82.57,85.13,78.82,79.5,1106100
CTD,1/5/2022 0:00,79.65,81.45,78.45,79.5,1055500
CTD,1/6/2022 0:00,78.38,85.05,78.38,85.05,1193900
CTD,1/7/2022 0:00,85.72,87,83.47,85.2,514300
CTD,1/10/2022 0:00,86.18,86.18,79.72,79.72,987800
CTD,1/11/2022 0:00,79.5,84.38,78.82,79.88,1023800
CTD,1/12/2022 0:00,80.25,84,78,84,1169200
CTD,1/13/2022 0:00,85.05,85.05,79.57,80.18,524000
CTD,1/14/2022 0:00,79.13,83.25,78.82,80.25,599100
CTD,1/17/2022 0:00,82.13,82.43,75.75,75.75,987900
CTD,1/18/2022 0:00,75,76.2,71.25,74.25,1007000
CTD,1/19/2022 0:00,73.5,75.75,73.5,74.32,652900
CTD,1/20/2022 0:00,74.25,79.5,74.25,79.5,506000
CTD,1/21/2022 0:00,81.38,83.25,80.03,82.43,601800
CTD,1/24/2022 0:00,80.32,82.35,78,78.97,522400
CTD,1/25/2022 0:00,78.75,83.25,78.75,82.5,961800
CTD,1/26/2022 0:00,83.93,83.93,81,81.53,495300
CTD,1/27/2022 0:00,75.82,80.25,75.82,77.03,1209200
CTD,1/28/2022 0:00,76.95,77.25,71.7,74.25,2128800
CTD,2/7/2022 0:00,75.07,75.75,71.63,71.7,683300
CTD,2/8/2022 0:00,71.4,72,67.95,70.88,930500
CTD,2/9/2022 0:00,70.5,73.8,68.93,72.75,445800
CTD,2/10/2022 0:00,73.28,73.28,71.63,72.75,356100
CTD,2/11/2022 0:00,71.4,72.15,71.25,71.25,330700
CTD,2/14/2022 0:00,70.13,71.18,69,69.6,340900
CTD,2/15/2022 0:00,69.75,72,69.38,69.38,293000
CTD,2/16/2022 0:00,69.38,71.7,69.3,70.72,399100
CTD,2/17/2022 0:00,71.93,72.82,71.25,71.25,240100
CTD,2/18/2022 0:00,70.5,71.63,69.97,70.5,300000
CTD,2/21/2022 0:00,70.57,72.75,70.57,71.1,557200
CTD,2/22/2022 0:00,71.25,72.75,70.88,72.07,734700
CTD,2/23/2022 0:00,72.82,73.88,72.82,73.72,513900
CTD,2/24/2022 0:00,73.8,75.38,70.13,72.82,869400
CTD,2/25/2022 0:00,72.82,74.25,71.4,73.8,459300
CTD,2/28/2022 0:00,73.95,74.85,72.07,72.6,303600
CTD,3/1/2022 0:00,72.82,72.82,71.85,71.85,353800
CTD,3/2/2022 0:00,71.93,71.93,69.38,69.38,889400
CTD,3/3/2022 0:00,69.38,70.5,66.38,67.57,1051000
CTD,3/4/2022 0:00,67.5,70.05,66.22,69.75,517900
CTD,3/7/2022 0:00,69.38,69.6,67.5,67.88,906000
CTD,3/8/2022 0:00,67.57,68.7,66.75,66.75,695500
CTD,3/9/2022 0:00,66.9,67.43,64.35,64.35,700800
CTD,3/10/2022 0:00,65.63,65.63,63.75,63.75,577000
CTD,3/11/2022 0:00,63.75,65.1,63.38,63.75,426900
CTD,3/14/2022 0:00,64.13,65.25,63.15,64.57,360800
CTD,3/15/2022 0:00,64.13,66.3,64.13,65.55,1112900
CTD,3/16/2022 0:00,66,66.07,65.1,65.1,335700
CTD,3/17/2022 0:00,65.55,66.07,65.1,65.4,329800
CTD,3/18/2022 0:00,65.63,65.93,65.18,65.25,437200
CTD,3/21/2022 0:00,65.1,65.55,64.65,64.8,419900
CTD,3/22/2022 0:00,64.88,66.97,64.35,65.63,1414400
CTD,3/23/2022 0:00,66,69.53,65.85,68.25,2184700
CTD,3/24/2022 0:00,68.47,70.5,67.8,69.38,574300
CTD,3/25/2022 0:00,69,69.53,68.4,68.85,548000
CTD,3/28/2022 0:00,67.72,68.78,66.75,68.1,910500
CTD,3/29/2022 0:00,68.1,72.82,67.95,72.82,1361100
CTD,3/30/2022 0:00,72,74.47,71.63,73.28,1132000
CTD,3/31/2022 0:00,73.28,74.18,71.78,72.45,530500
CTD,4/1/2022 0:00,72.45,75.38,71.78,73.65,728300
CTD,4/4/2022 0:00,73.65,77.78,72.9,74.25,1003300
CTD,4/5/2022 0:00,73.2,74.25,71.03,71.25,2362700
CTD,4/6/2022 0:00,70.5,71.25,66.68,66.68,2106000
CTD,4/7/2022 0:00,66,68.03,64.5,64.5,1134500
CTD,4/8/2022 0:00,64.43,65.78,64.28,64.5,599100
CTD,4/12/2022 0:00,64.5,64.8,60,60,1401300
CTD,4/13/2022 0:00,58.13,59.63,55.8,57.15,1497600
CTD,4/14/2022 0:00,58.2,59.03,56.25,56.25,529200
CTD,4/15/2022 0:00,55.88,56.25,52.35,52.35,1997400
CTD,4/18/2022 0:00,50.85,51.9,48.75,48.75,1699100
CTD,4/19/2022 0:00,48.75,51.9,48,49.58,1014700
CTD,4/20/2022 0:00,50.63,50.63,48,48,724400
CTD,4/21/2022 0:00,47.25,48.83,45.75,45.9,947500
CTD,4/22/2022 0:00,48,48,42.75,42.75,1398300
CTD,4/25/2022 0:00,43.13,43.88,39.97,41.17,1098100
CTD,4/26/2022 0:00,40.58,44.03,40.13,44.03,918000
CTD,4/27/2022 0:00,44.25,45.38,42.75,44.1,887700
CTD,4/28/2022 0:00,44.25,45.45,43.5,43.5,634100
CTD,4/29/2022 0:00,43.5,44.63,41.63,41.63,2181300
CTD,5/4/2022 0:00,42.75,43.58,42.15,43.35,573800
CTD,5/5/2022 0:00,44.25,44.25,40.95,42.38,513300
CTD,5/6/2022 0:00,41.47,41.92,40.13,40.13,666400
CTD,5/9/2022 0:00,40.05,40.88,37.35,37.35,1158000
CTD,5/10/2022 0:00,35.47,37.95,35.47,36.6,904100
CTD,5/11/2022 0:00,37.35,37.8,36.3,37.2,497400
CTD,5/12/2022 0:00,37.46,37.46,34.61,34.61,598500
CTD,5/13/2022 0:00,34.13,34.65,32.21,32.21,1131300
CTD,5/16/2022 0:00,33.6,34.05,32.03,32.36,472500
CTD,5/17/2022 0:00,32.4,34.61,32.25,34.61,553300
CTD,5/18/2022 0:00,35.63,36.26,34.95,35.85,478500
CTD,5/19/2022 0:00,34.13,36,34.05,35.81,403600
CTD,5/20/2022 0:00,35.96,36.67,35.55,35.85,423900
CTD,5/23/2022 0:00,36.53,36.67,33.75,34.84,356500
CTD,5/24/2022 0:00,34.84,35.33,33.6,34.35,310700
CTD,5/25/2022 0:00,35.63,36.75,35.25,36.75,601600
CTD,5/26/2022 0:00,37.5,38.17,36.75,37.05,489700
CTD,5/27/2022 0:00,37.16,37.42,36.75,37.05,328500
CTD,5/30/2022 0:00,37.09,38.7,37.09,38.17,520700
CTD,5/31/2022 0:00,39.08,40.8,38.7,40.8,646900
CTD,6/1/2022 0:00,42.15,42.6,41.33,41.4,1005700
CTD,6/2/2022 0:00,41.4,42.6,40.58,42.45,689100
CTD,6/3/2022 0:00,42.67,43.35,42.45,43.2,760300
CTD,6/6/2022 0:00,43.2,45.53,42.67,43.13,784000
CTD,6/7/2022 0:00,42.75,42.75,40.13,41.55,769100
CTD,6/8/2022 0:00,41.63,43.35,41.63,42.45,639200
CTD,6/9/2022 0:00,42.53,43.05,42,42.9,433800
CTD,6/10/2022 0:00,42,44.63,42,42.75,898300
CTD,6/13/2022 0:00,40.58,42.3,40.13,40.2,800600
CTD,6/14/2022 0:00,38.25,42.67,38.25,41.92,636700
CTD,6/15/2022 0:00,42,43.88,39.45,41.25,407000
CTD,6/16/2022 0:00,42.67,42.67,41.25,41.63,404100
CTD,6/17/2022 0:00,39.75,40.65,39.75,40.13,413300
CTD,6/20/2022 0:00,39.9,40.88,37.35,37.35,697500
CTD,6/21/2022 0:00,37.5,38.4,36.45,37.88,596300
CTD,6/22/2022 0:00,38.17,39.15,37.5,37.95,119700
CTD,6/23/2022 0:00,37.95,39.75,37.35,38.85,294500
CTD,6/24/2022 0:00,39,39.67,38.85,39,144300
CTD,6/27/2022 0:00,39.3,40.5,38.78,40.42,335800
CTD,6/28/2022 0:00,40.42,41.33,39.75,41.25,415500
CTD,6/29/2022 0:00,41.03,42.45,40.65,41.92,393300
CTD,6/30/2022 0:00,41.92,42.15,40.35,40.35,251000
CTD,7/1/2022 0:00,40.13,41.1,39.45,40.35,227700
CTD,7/4/2022 0:00,41.03,41.17,39.9,40.58,189900
CTD,7/5/2022 0:00,40.58,42.75,40.58,41.4,724000
CTD,7/6/2022 0:00,41.4,42.45,40.72,41.47,335400
CTD,7/7/2022 0:00,41.63,44.33,41.25,44.33,1502700
CTD,7/8/2022 0:00,46.13,46.8,45,45.53,581300
CTD,7/11/2022 0:00,45.22,47.1,45,46.2,636600
CTD,7/12/2022 0:00,46.42,47.63,45.08,46.5,924200
CTD,7/13/2022 0:00,46.28,47.92,45.83,46.35,560000
CTD,7/14/2022 0:00,46.13,46.72,44.92,46.58,794100
CTD,7/15/2022 0:00,46.58,48.22,44.25,44.25,1405000
CTD,7/18/2022 0:00,44.92,45.9,43.72,45,881000
CTD,7/19/2022 0:00,44.25,45.6,44.25,44.92,478400
CTD,7/20/2022 0:00,45.6,46.72,45.3,45.45,1320900
CTD,7/21/2022 0:00,45.53,46.35,43.88,44.1,924800
CTD,7/22/2022 0:00,44.17,44.78,42.97,43.5,510700
CTD,7/25/2022 0:00,42.75,43.28,41.7,41.85,1295200
CTD,7/26/2022 0:00,41.63,43.28,41.63,42.3,333900
CTD,7/27/2022 0:00,42.08,44.25,42.08,44.25,524700
CTD,7/28/2022 0:00,45,45.15,43.95,45,670500
CTD,7/29/2022 0:00,45,45.53,44.55,45.22,562400
CTD,8/1/2022 0:00,44.25,46.8,43.13,46.5,1535800
CTD,8/2/2022 0:00,46.42,47.17,45.08,45.6,1306700
CTD,8/3/2022 0:00,45.6,46.8,45.08,46.8,558500
CTD,8/4/2022 0:00,47.1,48.9,47.1,47.78,1142000
CTD,8/5/2022 0:00,47.78,48,46.95,47.4,589200
CTD,8/8/2022 0:00,48,48.38,46.8,47.25,669900
CTD,8/9/2022 0:00,47.25,49.13,46.58,47.85,903900
CTD,8/10/2022 0:00,48,48.6,47.47,47.47,489400
CTD,8/11/2022 0:00,47.47,48,46.13,46.2,1015700
CTD,8/12/2022 0:00,45.97,46.88,45.67,46.65,562600
CTD,8/15/2022 0:00,47.63,47.63,46.72,47.25,350100
CTD,8/16/2022 0:00,47.47,50.55,47.1,50.55,1602100
CTD,8/17/2022 0:00,51,51.9,50.25,50.47,749900
CTD,8/18/2022 0:00,50.63,50.7,49.88,50.1,537100
CTD,8/19/2022 0:00,50.85,53.17,50.63,53.03,1478400
CTD,8/22/2022 0:00,53.33,54.75,52.5,53.03,822800
CTD,8/23/2022 0:00,53.25,54.38,52.88,54.38,640100
CTD,8/24/2022 0:00,54.75,54.75,53.63,53.92,579800
CTD,8/25/2022 0:00,55.13,55.13,52.35,53.85,877400
CTD,8/26/2022 0:00,53.92,54,52.65,52.65,574100
CTD,8/29/2022 0:00,51.67,52.35,50.25,52.35,1077600
CTD,8/30/2022 0:00,52.8,53.1,51.9,52.13,446900
CTD,8/31/2022 0:00,52.05,54.3,51.75,54.22,1137400
CTD,9/5/2022 0:00,54,54.15,52.8,53.47,491000
CTD,9/6/2022 0:00,53.92,54.6,53.25,53.47,463800
CTD,9/7/2022 0:00,53.25,53.47,50.25,50.33,822400
CTD,9/8/2022 0:00,50.7,51.75,49.88,50.25,688900
CTD,9/9/2022 0:00,50.63,51.38,49.95,51.08,346400
CTD,9/12/2022 0:00,52.42,52.42,51.45,51.97,456300
CTD,9/13/2022 0:00,52.5,52.5,51.38,51.6,323700
CTD,9/14/2022 0:00,50.92,53.25,50.47,53.25,611900
CTD,9/15/2022 0:00,53.25,55.28,53.25,54.08,891400
CTD,9/16/2022 0:00,54.08,54.08,52.5,52.72,548000
CTD,9/19/2022 0:00,52.58,53.25,49.05,50.92,817600
CTD,9/20/2022 0:00,51.6,51.6,49.5,50.78,436600
CTD,9/21/2022 0:00,50.47,51.83,50.25,50.63,256000
CTD,9/22/2022 0:00,50.25,51,49.42,51,499500
CTD,9/23/2022 0:00,51,53.03,50.85,51.9,740300
CTD,9/26/2022 0:00,51,51.38,49.88,50.25,618100
CTD,9/27/2022 0:00,50.63,52.2,50.25,50.55,407700
CTD,9/28/2022 0:00,50.33,50.63,47.03,47.03,1471500
CTD,9/29/2022 0:00,47.1,47.63,43.8,43.8,986100
CTD,9/30/2022 0:00,42.83,43.5,40.8,43.28,908200
CTD,10/3/2022 0:00,43.13,43.5,40.28,40.28,563800
CTD,10/4/2022 0:00,40.95,41.55,37.5,37.5,952000
CTD,10/5/2022 0:00,38.92,40.05,38.4,39.53,417200
CTD,10/6/2022 0:00,39.6,40.5,37.88,38.17,372800
CTD,10/7/2022 0:00,37.95,37.95,35.51,35.51,736300
CTD,10/10/2022 0:00,33.97,36.67,33.75,35.03,596900
CTD,10/11/2022 0:00,35.25,35.63,32.59,32.59,502700
CTD,10/12/2022 0:00,31.88,34.28,30.38,33.19,721700
CTD,10/13/2022 0:00,33.15,34.72,33.15,34.69,297100
CTD,10/14/2022 0:00,35.7,36.15,34.88,34.88,529300
CTD,10/17/2022 0:00,34.5,35.89,34.39,35.4,280400
CTD,10/18/2022 0:00,36.15,36.6,35.63,35.78,259300
CTD,10/19/2022 0:00,36,36,34.5,34.91,362400
CTD,10/20/2022 0:00,34.91,35.7,34.58,34.91,152100
CTD,10/21/2022 0:00,35.17,35.17,32.47,32.47,720000
CTD,10/24/2022 0:00,32.63,32.63,30.23,30.23,624900
CTD,10/25/2022 0:00,30.23,31.8,28.95,30.38,566400
CTD,10/26/2022 0:00,30.45,31.42,30.08,30.23,282500
CTD,10/27/2022 0:00,30.38,32.33,30.38,32.33,428800
CTD,10/28/2022 0:00,32.63,33.83,32.63,33,478700
CTD,10/31/2022 0:00,32.25,33,30.79,31.58,701300
CTD,11/1/2022 0:00,32.25,32.63,31.13,31.42,374000
CTD,11/2/2022 0:00,31.42,32.4,31.35,31.54,275700
CTD,11/3/2022 0:00,31.42,32.47,30.79,31.5,671900
CTD,11/4/2022 0:00,31.5,31.5,29.55,29.55,555600
CTD,11/7/2022 0:00,29.55,29.55,27.49,27.49,662800
CTD,11/8/2022 0:00,25.58,26.63,25.58,25.58,1104900
CTD,11/9/2022 0:00,25.13,26.4,25.13,25.13,378900
CTD,11/10/2022 0:00,23.66,24.98,23.4,23.4,470700
CTD,11/11/2022 0:00,22.5,23.29,21.79,21.79,919800
CTD,11/14/2022 0:00,20.29,20.29,20.29,20.29,164400
CTD,11/15/2022 0:00,18.9,18.9,18.9,18.9,454300
CTD,11/16/2022 0:00,17.59,20.21,17.59,20.21,1187100
CTD,11/17/2022 0:00,21,21.38,20.63,21.38,264300
CTD,11/18/2022 0:00,21.08,22.13,19.95,21.3,347200
CTD,11/21/2022 0:00,22.05,22.13,21,21.38,452200
CTD,11/22/2022 0:00,21.38,22.84,21.19,22.2,586700
CTD,11/23/2022 0:00,22.2,23.1,22.2,22.2,442200
CTD,11/24/2022 0:00,22.24,22.58,21.23,21.75,275100
CTD,11/25/2022 0:00,22.2,22.88,21.9,22.88,358700
CTD,11/28/2022 0:00,23.25,24.45,23.25,24.45,548100
CTD,11/29/2022 0:00,24.75,25.42,23.25,24.67,565800
CTD,11/30/2022 0:00,24.86,26.25,24,26.25,532200
CTD,12/1/2022 0:00,27.15,27.67,24.75,26.55,727100
CTD,12/2/2022 0:00,26.25,27.75,25.05,27.75,540300
CTD,12/5/2022 0:00,28.13,28.31,26.85,27.08,570300
CTD,12/6/2022 0:00,26.92,27.23,25.2,25.2,588500
CTD,12/7/2022 0:00,25.09,25.2,24.04,24.08,351800
CTD,12/8/2022 0:00,24.86,25.73,24.49,25.73,448500
CTD,12/9/2022 0:00,27.52,27.52,27,27.52,510000
CTD,12/12/2022 0:00,29.44,29.44,28.88,29.44,711400
CTD,12/13/2022 0:00,29.1,29.4,27.75,29.4,845300
CTD,12/14/2022 0:00,29.92,30.67,29.66,29.77,531800
CTD,12/15/2022 0:00,29.74,29.77,28.5,28.73,322000
CTD,12/16/2022 0:00,27.83,30.19,27.83,29.4,664000
CTD,12/19/2022 0:00,28.05,29.25,27.9,27.9,1033800
CTD,12/20/2022 0:00,27.41,28.16,25.95,26.02,843900
CTD,12/21/2022 0:00,26.92,26.92,24.23,25.13,338700
CTD,12/22/2022 0:00,25.65,25.73,24,25.39,298700
CTD,12/23/2022 0:00,25.39,25.88,25.35,25.8,152400
CTD,12/26/2022 0:00,26.48,26.48,24.38,24.41,609500
CTD,12/27/2022 0:00,24.41,25.24,24.23,25.24,308600
CTD,12/28/2022 0:00,25.42,25.42,24.71,24.98,125600
CTD,12/29/2022 0:00,24.45,25.35,24.45,24.94,160400
CTD,12/30/2022 0:00,25.31,25.31,24.67,24.67,100300
CTD,1/3/2023 0:00,24.67,26.4,24.67,26.4,353400
CTD,1/4/2023 0:00,26.55,27.15,26.4,26.4,240100
CTD,1/5/2023 0:00,26.74,26.74,26.25,26.33,232500
CTD,1/6/2023 0:00,26.33,26.44,25.35,25.42,322000
CTD,1/9/2023 0:00,25.31,25.91,25.31,25.35,145900
CTD,1/10/2023 0:00,25.16,26.92,24.94,26.51,220900
CTD,1/11/2023 0:00,27.08,27.08,26.51,26.51,255500
CTD,1/12/2023 0:00,26.7,26.7,25.88,26.14,194500
CTD,1/13/2023 0:00,26.17,26.4,26.1,26.14,128300
CTD,1/16/2023 0:00,26.25,26.85,25.91,26.55,235300
CTD,1/17/2023 0:00,27,28.39,26.77,28.39,445500
CTD,1/18/2023 0:00,29.77,29.77,28.54,28.69,420000
CTD,1/19/2023 0:00,28.65,29.25,27.83,29.06,263000
CTD,1/27/2023 0:00,29.33,30,29.25,29.63,418900
CTD,1/30/2023 0:00,29.63,30,29.25,29.48,425200
CTD,1/31/2023 0:00,29.14,29.48,27.41,29.48,420300
CTD,2/1/2023 0:00,29.92,29.92,27.41,27.41,507900
CTD,2/2/2023 0:00,27.52,28.13,27,27.56,413400
CTD,2/3/2023 0:00,27.67,28.2,27.41,27.67,160000
CTD,2/6/2023 0:00,27.67,27.75,27.45,27.75,194200
CTD,2/7/2023 0:00,27.75,28.09,27,27,264200
CTD,2/8/2023 0:00,27.45,27.52,26.55,26.96,207800
CTD,2/9/2023 0:00,27.11,27.34,27,27.04,125200
CTD,2/10/2023 0:00,27.04,27.04,26.1,26.59,186200
CTD,2/13/2023 0:00,26.25,26.25,24.75,24.75,704700
CTD,2/14/2023 0:00,25.5,25.5,24.6,25.13,178400
CTD,2/15/2023 0:00,25.13,26.7,24.75,25.73,171500
CTD,2/16/2023 0:00,26.33,26.33,25.76,26.06,109400
CTD,2/17/2023 0:00,26.17,26.63,26.02,26.29,117000
CTD,2/20/2023 0:00,26.44,27.9,26.44,27.9,322900
CTD,2/21/2023 0:00,27.9,28.65,27.9,28.16,441400
CTD,2/22/2023 0:00,27.79,28.13,27.38,27.38,338400
CTD,2/23/2023 0:00,27.15,27.38,25.95,26.63,289600
CTD,2/24/2023 0:00,26.7,27,26.25,26.25,142800
CTD,2/27/2023 0:00,25.88,26.29,24.98,25.13,220300
CTD,2/28/2023 0:00,25.61,25.95,25.13,25.24,146000
CTD,3/1/2023 0:00,25.2,26.7,25.2,26.7,126200
CTD,3/2/2023 0:00,26.7,27.26,26.25,26.29,282700
CTD,3/3/2023 0:00,26.77,26.85,26.1,26.33,143700
CTD,3/6/2023 0:00,27.04,27.67,26.63,27.04,294100
CTD,3/7/2023 0:00,26.89,27.41,26.77,27,131600
CTD,3/8/2023 0:00,26.96,27.64,26.63,27.6,224300
CTD,3/9/2023 0:00,26.7,28.76,26.7,28.61,621100
CTD,3/10/2023 0:00,28.5,28.58,27.75,28.46,296500
CTD,3/13/2023 0:00,27.86,28.24,27.67,28.05,324200
CTD,3/14/2023 0:00,28.05,28.05,27,27.15,221100
CTD,3/15/2023 0:00,27.75,28.39,27.6,28.2,237700
CTD,3/16/2023 0:00,28.16,28.16,27.67,27.67,177300
CTD,3/17/2023 0:00,27.9,28.05,27.52,27.9,225200
CTD,3/20/2023 0:00,27.79,28.27,27.49,27.49,292600
CTD,3/21/2023 0:00,27.94,27.94,27.3,27.94,106600
CTD,3/22/2023 0:00,28.13,29.85,28.09,28.95,857700
CTD,3/23/2023 0:00,28.88,30.41,28.88,30,800500
CTD,3/24/2023 0:00,30.75,30.75,29.48,29.55,668300
CTD,3/27/2023 0:00,29.66,30.71,29.59,30,458900
CTD,3/28/2023 0:00,30.34,30.34,29.63,29.7,371600
CTD,3/29/2023 0:00,29.85,31.13,29.66,30.94,584000
CTD,3/30/2023 0:00,31.73,33.08,31.05,33.08,1128300
CTD,3/31/2023 0:00,33.19,34.13,32.66,32.78,1190500
CTD,4/3/2023 0:00,33.22,34.54,33,33.67,578900
CTD,4/4/2023 0:00,33.75,34.28,33.3,34.28,406000
CTD,4/5/2023 0:00,35.63,36.53,34.65,35.63,1037400
CTD,4/6/2023 0:00,36,36,34.65,35.03,579200
CTD,4/7/2023 0:00,35.03,35.74,34.5,35.55,539600
CTD,4/10/2023 0:00,35.85,36.22,34.88,35.25,515500
CTD,4/11/2023 0:00,34.99,36.22,34.91,36.22,540500
CTD,4/12/2023 0:00,36.22,36.53,35.85,35.92,349300
CTD,4/13/2023 0:00,35.96,36,34.5,34.5,450200
CTD,4/14/2023 0:00,34.88,35.17,34.39,34.39,608300
CTD,4/17/2023 0:00,34.65,36,34.39,36,601200
CTD,4/18/2023 0:00,36.53,38.47,36.08,38.47,897300
CTD,4/19/2023 0:00,40.35,40.35,38.63,39.75,1010900
CTD,4/20/2023 0:00,39.75,40.35,39.15,39.97,403900
CTD,4/21/2023 0:00,40.13,41.25,39.45,41.25,569300
CTD,4/24/2023 0:00,42.08,44.1,42,44.1,920000
CTD,4/25/2023 0:00,45.22,46.5,41.25,43.5,1612600
CTD,4/26/2023 0:00,43.5,43.88,42.45,43.88,529000
CTD,4/27/2023 0:00,43.72,45.75,42.83,44.47,529700
CTD,4/28/2023 0:00,45.38,45.38,43.88,44.25,682000
CTD,5/4/2023 0:00,43.88,44.17,42.45,42.53,556400
CTD,5/5/2023 0:00,42.38,44.7,42.38,44.7,643200
CTD,5/8/2023 0:00,45.38,45.67,44.17,44.25,482600
CTD,5/9/2023 0:00,44.55,44.63,43.05,43.42,668200
CTD,5/10/2023 0:00,43.28,43.8,43.05,43.5,467800
CTD,5/11/2023 0:00,43.28,46.5,43.28,46.5,1569200
CTD,5/12/2023 0:00,47.25,49.35,46.5,48.45,781300
CTD,5/15/2023 0:00,48.45,48.97,46.72,47.4,696200
CTD,5/16/2023 0:00,47.4,48.75,47.33,47.55,368900
CTD,5/17/2023 0:00,47.92,48.75,47.4,48,625700
CTD,5/18/2023 0:00,47.78,48.15,47.25,48,287600
CTD,5/19/2023 0:00,48.6,48.6,46.8,47.47,576400
CTD,5/22/2023 0:00,47.17,47.92,46.95,47.55,425500
CTD,5/23/2023 0:00,49.35,49.8,48,49.5,952500
CTD,5/24/2023 0:00,49.5,49.8,48.6,48.6,354300
CTD,5/25/2023 0:00,48.38,48.75,48,48,312600
CTD,5/26/2023 0:00,48,48.6,47.4,48,406700
CTD,5/29/2023 0:00,48.22,48.38,47.63,47.78,388000
CTD,5/30/2023 0:00,48,49.13,47.17,49.13,839900
CTD,5/31/2023 0:00,49.42,49.42,48,48,551200
CTD,6/1/2023 0:00,48,48.45,47.25,48,362800
CTD,6/2/2023 0:00,47.85,48,47.55,47.7,485600
CTD,6/5/2023 0:00,48.08,49.28,48,48.6,840200
CTD,6/6/2023 0:00,48.75,51,48.15,49.88,832200
CTD,6/7/2023 0:00,50.63,50.63,48.97,49.2,557800
CTD,6/8/2023 0:00,49.42,50.25,48.83,49.13,447300
CTD,6/9/2023 0:00,49.13,49.88,48.38,49.88,580200
CTD,6/12/2023 0:00,50.25,53.33,49.5,52.35,1284800
CTD,6/13/2023 0:00,52.5,52.58,50.85,51,749300
CTD,6/14/2023 0:00,51.08,51.53,49.2,49.35,921600
CTD,6/15/2023 0:00,49.13,49.88,48.75,49.65,459300
CTD,6/16/2023 0:00,50.17,50.17,49.05,49.28,560100
CTD,6/19/2023 0:00,48.83,49.65,47.1,48.15,863400
CTD,6/20/2023 0:00,48.15,49.2,47.85,48.75,236200
CTD,6/21/2023 0:00,49.28,51.08,48.75,50.78,733900
CTD,6/22/2023 0:00,50.85,51,50.1,50.78,303300
CTD,6/23/2023 0:00,50.92,52.8,49.88,52.5,1257300
CTD,6/26/2023 0:00,53.03,53.03,51,51.6,521100
CTD,6/27/2023 0:00,51.22,51.9,51.15,51.6,304300
CTD,6/28/2023 0:00,52.28,53.85,51.75,51.97,938300
CTD,6/29/2023 0:00,51.9,51.97,51.15,51.45,394500
CTD,6/30/2023 0:00,51.45,52.35,50.7,51.67,546400
CTD,7/3/2023 0:00,51.75,52.88,51.38,52.5,454300
CTD,7/4/2023 0:00,53.25,53.25,51.6,52.5,521600
CTD,7/5/2023 0:00,52.5,53.1,52.13,52.28,435800
CTD,7/6/2023 0:00,52.5,52.65,51.3,52.13,511600
CTD,7/7/2023 0:00,51.53,55.5,51.53,55.5,1590200
CTD,7/10/2023 0:00,56.25,57,55.5,56.25,652500
CTD,7/11/2023 0:00,56.78,58.8,56.7,57.97,875800
CTD,7/12/2023 0:00,58.5,59.25,57.67,58.5,615400
CTD,7/13/2023 0:00,59.17,59.17,57.75,58.28,420600
CTD,7/14/2023 0:00,58.28,60,57.97,60,689800
CTD,7/17/2023 0:00,60.75,60.97,58.28,58.5,1405800
CTD,7/18/2023 0:00,58.5,59.03,58.28,58.88,324400
CTD,7/19/2023 0:00,58.5,58.88,58.13,58.28,572500
CTD,7/20/2023 0:00,58.28,60,58.2,59.25,485700
CTD,7/21/2023 0:00,59.4,60.67,59.25,59.4,381100
CTD,7/24/2023 0:00,59.1,59.1,55.28,55.28,3006800
CTD,7/25/2023 0:00,53.4,56.17,53.25,55.5,1120100
CTD,7/26/2023 0:00,55.28,56.17,53.47,54.6,871800
CTD,7/27/2023 0:00,54.45,54.45,51,51.6,2116800
CTD,7/28/2023 0:00,51.53,55.2,50.7,55.2,1875900
CTD,7/31/2023 0:00,55.5,56.17,52.95,53.92,1164100
CTD,8/1/2023 0:00,53.25,53.92,50.17,50.17,3449900
CTD,8/2/2023 0:00,49.58,50.17,47.25,47.47,2676400
CTD,8/3/2023 0:00,47.4,49.2,47.4,48,1155700
CTD,8/4/2023 0:00,48.22,48.75,47.92,48.45,1058800
CTD,8/7/2023 0:00,48.3,48.45,47.4,48,1373500
CTD,8/8/2023 0:00,47.85,50.92,47.47,50.1,2609000
CTD,8/9/2023 0:00,50.25,50.25,48.75,49.5,622900
CTD,8/10/2023 0:00,49.5,51.22,49.13,51.15,1690000
CTD,8/11/2023 0:00,51.15,51.15,49.8,50.55,797100
CTD,8/14/2023 0:00,50.55,51.3,50.33,50.47,960600
CTD,8/15/2023 0:00,50.55,51,49.65,50.17,778600
CTD,8/16/2023 0:00,49.95,51.22,49.13,50.25,1054200
CTD,8/17/2023 0:00,49.88,50.03,49.13,49.13,687900
CTD,8/18/2023 0:00,48.75,49.13,45.75,45.75,1744900
CTD,8/21/2023 0:00,45.75,45.83,43.88,44.4,693300
CTD,8/22/2023 0:00,44.4,45,41.63,43.88,1319100
CTD,8/23/2023 0:00,43.95,44.78,43.58,44.25,406700
CTD,8/24/2023 0:00,43.88,44.7,43.58,44.63,729000
CTD,8/25/2023 0:00,44.63,47.63,44.47,46.8,1550100
CTD,8/28/2023 0:00,47.25,47.55,46.2,46.8,556600
CTD,8/29/2023 0:00,46.95,47.55,46.35,46.88,674200
CTD,8/30/2023 0:00,46.88,47.03,45.3,46.28,909300
CTD,8/31/2023 0:00,46.58,48,46.2,47.33,943800
CTD,9/5/2023 0:00,47.85,49.2,47.78,48.97,1006000
CTD,9/6/2023 0:00,49.13,50.7,48.53,50.25,904000
CTD,9/7/2023 0:00,50.17,50.85,49.28,49.8,768400
CTD,9/8/2023 0:00,49.42,51.15,49.2,50.1,915100
CTD,9/11/2023 0:00,50.1,50.47,48.22,48.38,1012000
CTD,9/12/2023 0:00,48.38,49.65,48.22,49.65,488600
CTD,9/13/2023 0:00,49.8,51,49.13,50.1,1191100
CTD,9/14/2023 0:00,50.1,50.25,48.75,48.9,720100
CTD,9/15/2023 0:00,48.9,50.92,48.9,50.63,945400
CTD,9/18/2023 0:00,51,53.85,50.7,53.1,2120000
CTD,9/19/2023 0:00,53.1,53.63,52.2,52.88,873500
CTD,9/20/2023 0:00,53.63,54,52.5,54,1006200
CTD,9/21/2023 0:00,54.22,54.3,52.95,52.95,685900
CTD,9/22/2023 0:00,51.9,52.28,49.35,51.3,2090000
CTD,9/25/2023 0:00,50.85,51.75,47.78,47.78,1541700
CTD,9/26/2023 0:00,47.25,48.53,46.72,47.55,763600
CTD,9/27/2023 0:00,48.08,48.38,45.38,47.25,725500
CTD,9/28/2023 0:00,48.7,49.6,48,48.3,519800
CTD,9/29/2023 0:00,49,49,47.2,47.8,318800
CTD,10/2/2023 0:00,47.9,48.5,47.8,47.8,239100
CTD,10/3/2023 0:00,47.6,47.7,45,46.1,326000
CTD,10/4/2023 0:00,45.2,47.5,45,47.4,304100
CTD,10/5/2023 0:00,48,49.5,47.5,49.4,704300
CTD,10/6/2023 0:00,49,51.5,48.6,51.5,959500
CTD,10/9/2023 0:00,52.6,52.6,51.3,51.7,606400
CTD,10/10/2023 0:00,52.4,53,51,51.1,1175700
CTD,10/11/2023 0:00,51.2,54.3,51.1,54.3,1381800
CTD,10/12/2023 0:00,54.9,55.1,53.2,53.8,947300
CTD,10/13/2023 0:00,53.6,55,53.1,54.9,908500
CTD,10/16/2023 0:00,55.1,55.7,53.8,54.7,787600
CTD,10/17/2023 0:00,54.7,55.8,51.2,51.2,1123000
CTD,10/18/2023 0:00,51.6,51.6,47.9,49.5,1451300
CTD,10/19/2023 0:00,49.5,50,47.8,49.2,725900
CTD,10/20/2023 0:00,49.2,51,47.7,51,636200
CTD,10/23/2023 0:00,51.3,51.3,48,49.5,461700
